Record Length,2.500000e+03,,  -0.000000100000,   0.08800,
Sample Interval,1.000000e-08,,  -0.000000090000,   0.08800,
Trigger Point,1.000000000000e+01,,  -0.000000080000,   0.08000,
,,,  -0.000000070000,   0.10400,
,,,  -0.000000060000,   0.09600,
,,,  -0.000000050000,   0.09600,
Source,CH2,,  -0.000000040000,   0.10400,
Vertical Units,V,,  -0.000000030000,   0.10400,
Vertical Scale,2.000000e-01,,  -0.000000020000,   0.11200,
Vertical Offset,8.000000e-03,,  -0.000000010000,   0.10400,
Horizontal Units,s,,   0.000000000000,   0.09600,
Horizontal Scale,2.500000e-06,,   0.000000010000,   0.11200,
Pt Fmt,Y,,   0.000000020000,   0.11200,
Yzero,0.000000e+00,,   0.000000030000,   0.11200,
Probe Atten,1.000000e+00,,   0.000000040000,   0.11200,
Model Number,TDS1012B,,   0.000000050000,   0.12000,
Serial Number,C063631,,   0.000000060000,   0.12000,
Firmware Version,FV:v22.01,,   0.000000070000,   0.12000,
,,,0.000000080000,   0.12000,
,,,0.000000090000,   0.12800,
,,,0.000000100000,   0.12800,
,,,0.000000110000,   0.12800,
,,,0.000000120000,   0.12800,
,,,0.000000130000,   0.12800,
,,,0.000000140000,   0.12800,
,,,0.000000150000,   0.13600,
,,,0.000000160000,   0.13600,
,,,0.000000170000,   0.13600,
,,,0.000000180000,   0.14400,
,,,0.000000190000,   0.13600,
,,,0.000000200000,   0.13600,
,,,0.000000210000,   0.13600,
,,,0.000000220000,   0.15200,
,,,0.000000230000,   0.14400,
,,,0.000000240000,   0.15200,
,,,0.000000250000,   0.16800,
,,,0.000000260000,   0.16000,
,,,0.000000270000,   0.15200,
,,,0.000000280000,   0.15200,
,,,0.000000290000,   0.16800,
,,,0.000000300000,   0.16000,
,,,0.000000310000,   0.16800,
,,,0.000000320000,   0.16800,
,,,0.000000330000,   0.16000,
,,,0.000000340000,   0.16800,
,,,0.000000350000,   0.16800,
,,,0.000000360000,   0.16000,
,,,0.000000370000,   0.16800,
,,,0.000000380000,   0.17600,
,,,0.000000390000,   0.18400,
,,,0.000000400000,   0.17600,
,,,0.000000410000,   0.17600,
,,,0.000000420000,   0.19200,
,,,0.000000430000,   0.18400,
,,,0.000000440000,   0.18400,
,,,0.000000450000,   0.19200,
,,,0.000000460000,   0.18400,
,,,0.000000470000,   0.19200,
,,,0.000000480000,   0.18400,
,,,0.000000490000,   0.20000,
,,,0.000000500000,   0.20000,
,,,0.000000510000,   0.20000,
,,,0.000000520000,   0.20000,
,,,0.000000530000,   0.20000,
,,,0.000000540000,   0.20000,
,,,0.000000550000,   0.20800,
,,,0.000000560000,   0.20800,
,,,0.000000570000,   0.20800,
,,,0.000000580000,   0.21600,
,,,0.000000590000,   0.22400,
,,,0.000000600000,   0.21600,
,,,0.000000610000,   0.20800,
,,,0.000000620000,   0.21600,
,,,0.000000630000,   0.22400,
,,,0.000000640000,   0.22400,
,,,0.000000650000,   0.21600,
,,,0.000000660000,   0.23200,
,,,0.000000670000,   0.22400,
,,,0.000000680000,   0.22400,
,,,0.000000690000,   0.22400,
,,,0.000000700000,   0.22400,
,,,0.000000710000,   0.23200,
,,,0.000000720000,   0.23200,
,,,0.000000730000,   0.24000,
,,,0.000000740000,   0.23200,
,,,0.000000750000,   0.24000,
,,,0.000000760000,   0.24800,
,,,0.000000770000,   0.24800,
,,,0.000000780000,   0.24800,
,,,0.000000790000,   0.24800,
,,,0.000000800000,   0.24000,
,,,0.000000810000,   0.25600,
,,,0.000000820000,   0.24800,
,,,0.000000830000,   0.24800,
,,,0.000000840000,   0.25600,
,,,0.000000850000,   0.25600,
,,,0.000000860000,   0.26400,
,,,0.000000870000,   0.26400,
,,,0.000000880000,   0.26400,
,,,0.000000890000,   0.26400,
,,,0.000000900000,   0.26400,
,,,0.000000910000,   0.26400,
,,,0.000000920000,   0.27200,
,,,0.000000930000,   0.27200,
,,,0.000000940000,   0.27200,
,,,0.000000950000,   0.28000,
,,,0.000000960000,   0.28000,
,,,0.000000970000,   0.28800,
,,,0.000000980000,   0.28000,
,,,0.000000990000,   0.28000,
,,,0.000001000000,   0.28000,
,,,0.000001010000,   0.28000,
,,,0.000001020000,   0.28000,
,,,0.000001030000,   0.28000,
,,,0.000001040000,   0.28800,
,,,0.000001050000,   0.28800,
,,,0.000001060000,   0.30400,
,,,0.000001070000,   0.29600,
,,,0.000001080000,   0.29600,
,,,0.000001090000,   0.30400,
,,,0.000001100000,   0.29600,
,,,0.000001110000,   0.30400,
,,,0.000001120000,   0.29600,
,,,0.000001130000,   0.30400,
,,,0.000001140000,   0.30400,
,,,0.000001150000,   0.30400,
,,,0.000001160000,   0.31200,
,,,0.000001170000,   0.31200,
,,,0.000001180000,   0.31200,
,,,0.000001190000,   0.31200,
,,,0.000001200000,   0.32000,
,,,0.000001210000,   0.32000,
,,,0.000001220000,   0.32000,
,,,0.000001230000,   0.31200,
,,,0.000001240000,   0.32800,
,,,0.000001250000,   0.33600,
,,,0.000001260000,   0.32800,
,,,0.000001270000,   0.32800,
,,,0.000001280000,   0.33600,
,,,0.000001290000,   0.32800,
,,,0.000001300000,   0.33600,
,,,0.000001310000,   0.32800,
,,,0.000001320000,   0.34400,
,,,0.000001330000,   0.34400,
,,,0.000001340000,   0.34400,
,,,0.000001350000,   0.33600,
,,,0.000001360000,   0.34400,
,,,0.000001370000,   0.34400,
,,,0.000001380000,   0.34400,
,,,0.000001390000,   0.35200,
,,,0.000001400000,   0.34400,
,,,0.000001410000,   0.35200,
,,,0.000001420000,   0.35200,
,,,0.000001430000,   0.34400,
,,,0.000001440000,   0.35200,
,,,0.000001450000,   0.36000,
,,,0.000001460000,   0.35200,
,,,0.000001470000,   0.36000,
,,,0.000001480000,   0.36800,
,,,0.000001490000,   0.36000,
,,,0.000001500000,   0.36000,
,,,0.000001510000,   0.36000,
,,,0.000001520000,   0.36800,
,,,0.000001530000,   0.36800,
,,,0.000001540000,   0.37600,
,,,0.000001550000,   0.37600,
,,,0.000001560000,   0.38400,
,,,0.000001570000,   0.37600,
,,,0.000001580000,   0.37600,
,,,0.000001590000,   0.39200,
,,,0.000001600000,   0.37600,
,,,0.000001610000,   0.38400,
,,,0.000001620000,   0.39200,
,,,0.000001630000,   0.38400,
,,,0.000001640000,   0.38400,
,,,0.000001650000,   0.38400,
,,,0.000001660000,   0.40000,
,,,0.000001670000,   0.39200,
,,,0.000001680000,   0.39200,
,,,0.000001690000,   0.40000,
,,,0.000001700000,   0.39200,
,,,0.000001710000,   0.40000,
,,,0.000001720000,   0.40000,
,,,0.000001730000,   0.40800,
,,,0.000001740000,   0.40800,
,,,0.000001750000,   0.40000,
,,,0.000001760000,   0.40800,
,,,0.000001770000,   0.41600,
,,,0.000001780000,   0.40800,
,,,0.000001790000,   0.41600,
,,,0.000001800000,   0.40800,
,,,0.000001810000,   0.40800,
,,,0.000001820000,   0.41600,
,,,0.000001830000,   0.41600,
,,,0.000001840000,   0.41600,
,,,0.000001850000,   0.41600,
,,,0.000001860000,   0.44000,
,,,0.000001870000,   0.42400,
,,,0.000001880000,   0.43200,
,,,0.000001890000,   0.42400,
,,,0.000001900000,   0.42400,
,,,0.000001910000,   0.43200,
,,,0.000001920000,   0.43200,
,,,0.000001930000,   0.44000,
,,,0.000001940000,   0.42400,
,,,0.000001950000,   0.44000,
,,,0.000001960000,   0.44000,
,,,0.000001970000,   0.43200,
,,,0.000001980000,   0.44800,
,,,0.000001990000,   0.44000,
,,,0.000002000000,   0.44000,
,,,0.000002010000,   0.44800,
,,,0.000002020000,   0.44800,
,,,0.000002030000,   0.44800,
,,,0.000002040000,   0.44800,
,,,0.000002050000,   0.45600,
,,,0.000002060000,   0.44800,
,,,0.000002070000,   0.46400,
,,,0.000002080000,   0.45600,
,,,0.000002090000,   0.45600,
,,,0.000002100000,   0.46400,
,,,0.000002110000,   0.45600,
,,,0.000002120000,   0.46400,
,,,0.000002130000,   0.45600,
,,,0.000002140000,   0.46400,
,,,0.000002150000,   0.46400,
,,,0.000002160000,   0.47200,
,,,0.000002170000,   0.46400,
,,,0.000002180000,   0.47200,
,,,0.000002190000,   0.48000,
,,,0.000002200000,   0.47200,
,,,0.000002210000,   0.47200,
,,,0.000002220000,   0.48000,
,,,0.000002230000,   0.48000,
,,,0.000002240000,   0.48800,
,,,0.000002250000,   0.48000,
,,,0.000002260000,   0.48800,
,,,0.000002270000,   0.48000,
,,,0.000002280000,   0.48800,
,,,0.000002290000,   0.48800,
,,,0.000002300000,   0.48800,
,,,0.000002310000,   0.48800,
,,,0.000002320000,   0.48800,
,,,0.000002330000,   0.49600,
,,,0.000002340000,   0.48000,
,,,0.000002350000,   0.49600,
,,,0.000002360000,   0.49600,
,,,0.000002370000,   0.50400,
,,,0.000002380000,   0.49600,
,,,0.000002390000,   0.50400,
,,,0.000002400000,   0.50400,
,,,0.000002410000,   0.50400,
,,,0.000002420000,   0.49600,
,,,0.000002430000,   0.50400,
,,,0.000002440000,   0.50400,
,,,0.000002450000,   0.50400,
,,,0.000002460000,   0.51200,
,,,0.000002470000,   0.50400,
,,,0.000002480000,   0.51200,
,,,0.000002490000,   0.52000,
,,,0.000002500000,   0.51200,
,,,0.000002510000,   0.52000,
,,,0.000002520000,   0.52000,
,,,0.000002530000,   0.52000,
,,,0.000002540000,   0.51200,
,,,0.000002550000,   0.52800,
,,,0.000002560000,   0.52000,
,,,0.000002570000,   0.52800,
,,,0.000002580000,   0.52800,
,,,0.000002590000,   0.52800,
,,,0.000002600000,   0.52800,
,,,0.000002610000,   0.52800,
,,,0.000002620000,   0.53600,
,,,0.000002630000,   0.52800,
,,,0.000002640000,   0.52800,
,,,0.000002650000,   0.53600,
,,,0.000002660000,   0.53600,
,,,0.000002670000,   0.54400,
,,,0.000002680000,   0.54400,
,,,0.000002690000,   0.53600,
,,,0.000002700000,   0.54400,
,,,0.000002710000,   0.54400,
,,,0.000002720000,   0.53600,
,,,0.000002730000,   0.54400,
,,,0.000002740000,   0.54400,
,,,0.000002750000,   0.55200,
,,,0.000002760000,   0.54400,
,,,0.000002770000,   0.55200,
,,,0.000002780000,   0.55200,
,,,0.000002790000,   0.55200,
,,,0.000002800000,   0.55200,
,,,0.000002810000,   0.55200,
,,,0.000002820000,   0.56000,
,,,0.000002830000,   0.56000,
,,,0.000002840000,   0.55200,
,,,0.000002850000,   0.56800,
,,,0.000002860000,   0.56800,
,,,0.000002870000,   0.55200,
,,,0.000002880000,   0.56800,
,,,0.000002890000,   0.56800,
,,,0.000002900000,   0.56800,
,,,0.000002910000,   0.57600,
,,,0.000002920000,   0.56800,
,,,0.000002930000,   0.56800,
,,,0.000002940000,   0.56800,
,,,0.000002950000,   0.57600,
,,,0.000002960000,   0.56800,
,,,0.000002970000,   0.57600,
,,,0.000002980000,   0.57600,
,,,0.000002990000,   0.57600,
,,,0.000003000000,   0.57600,
,,,0.000003010000,   0.58400,
,,,0.000003020000,   0.57600,
,,,0.000003030000,   0.58400,
,,,0.000003040000,   0.58400,
,,,0.000003050000,   0.59200,
,,,0.000003060000,   0.58400,
,,,0.000003070000,   0.59200,
,,,0.000003080000,   0.59200,
,,,0.000003090000,   0.58400,
,,,0.000003100000,   0.59200,
,,,0.000003110000,   0.59200,
,,,0.000003120000,   0.59200,
,,,0.000003130000,   0.59200,
,,,0.000003140000,   0.59200,
,,,0.000003150000,   0.60000,
,,,0.000003160000,   0.60000,
,,,0.000003170000,   0.59200,
,,,0.000003180000,   0.60000,
,,,0.000003190000,   0.60000,
,,,0.000003200000,   0.60000,
,,,0.000003210000,   0.60000,
,,,0.000003220000,   0.60000,
,,,0.000003230000,   0.60800,
,,,0.000003240000,   0.60800,
,,,0.000003250000,   0.60800,
,,,0.000003260000,   0.60800,
,,,0.000003270000,   0.60800,
,,,0.000003280000,   0.61600,
,,,0.000003290000,   0.61600,
,,,0.000003300000,   0.61600,
,,,0.000003310000,   0.61600,
,,,0.000003320000,   0.61600,
,,,0.000003330000,   0.60800,
,,,0.000003340000,   0.61600,
,,,0.000003350000,   0.62400,
,,,0.000003360000,   0.62400,
,,,0.000003370000,   0.61600,
,,,0.000003380000,   0.62400,
,,,0.000003390000,   0.61600,
,,,0.000003400000,   0.62400,
,,,0.000003410000,   0.62400,
,,,0.000003420000,   0.62400,
,,,0.000003430000,   0.61600,
,,,0.000003440000,   0.62400,
,,,0.000003450000,   0.63200,
,,,0.000003460000,   0.63200,
,,,0.000003470000,   0.63200,
,,,0.000003480000,   0.63200,
,,,0.000003490000,   0.63200,
,,,0.000003500000,   0.63200,
,,,0.000003510000,   0.63200,
,,,0.000003520000,   0.63200,
,,,0.000003530000,   0.63200,
,,,0.000003540000,   0.64000,
,,,0.000003550000,   0.64800,
,,,0.000003560000,   0.64000,
,,,0.000003570000,   0.64000,
,,,0.000003580000,   0.64000,
,,,0.000003590000,   0.64000,
,,,0.000003600000,   0.64800,
,,,0.000003610000,   0.63200,
,,,0.000003620000,   0.64800,
,,,0.000003630000,   0.64000,
,,,0.000003640000,   0.64800,
,,,0.000003650000,   0.64800,
,,,0.000003660000,   0.64800,
,,,0.000003670000,   0.64800,
,,,0.000003680000,   0.64800,
,,,0.000003690000,   0.64800,
,,,0.000003700000,   0.65600,
,,,0.000003710000,   0.64000,
,,,0.000003720000,   0.64800,
,,,0.000003730000,   0.64800,
,,,0.000003740000,   0.64800,
,,,0.000003750000,   0.66400,
,,,0.000003760000,   0.65600,
,,,0.000003770000,   0.66400,
,,,0.000003780000,   0.65600,
,,,0.000003790000,   0.65600,
,,,0.000003800000,   0.66400,
,,,0.000003810000,   0.64800,
,,,0.000003820000,   0.65600,
,,,0.000003830000,   0.65600,
,,,0.000003840000,   0.66400,
,,,0.000003850000,   0.67200,
,,,0.000003860000,   0.65600,
,,,0.000003870000,   0.66400,
,,,0.000003880000,   0.67200,
,,,0.000003890000,   0.67200,
,,,0.000003900000,   0.67200,
,,,0.000003910000,   0.66400,
,,,0.000003920000,   0.65600,
,,,0.000003930000,   0.67200,
,,,0.000003940000,   0.67200,
,,,0.000003950000,   0.67200,
,,,0.000003960000,   0.67200,
,,,0.000003970000,   0.68000,
,,,0.000003980000,   0.67200,
,,,0.000003990000,   0.68000,
,,,0.000004000000,   0.68000,
,,,0.000004010000,   0.66400,
,,,0.000004020000,   0.67200,
,,,0.000004030000,   0.67200,
,,,0.000004040000,   0.67200,
,,,0.000004050000,   0.68000,
,,,0.000004060000,   0.68000,
,,,0.000004070000,   0.68000,
,,,0.000004080000,   0.68000,
,,,0.000004090000,   0.68800,
,,,0.000004100000,   0.68000,
,,,0.000004110000,   0.68000,
,,,0.000004120000,   0.68800,
,,,0.000004130000,   0.68000,
,,,0.000004140000,   0.68800,
,,,0.000004150000,   0.68000,
,,,0.000004160000,   0.68800,
,,,0.000004170000,   0.68800,
,,,0.000004180000,   0.69600,
,,,0.000004190000,   0.68800,
,,,0.000004200000,   0.69600,
,,,0.000004210000,   0.68800,
,,,0.000004220000,   0.69600,
,,,0.000004230000,   0.68800,
,,,0.000004240000,   0.68800,
,,,0.000004250000,   0.68800,
,,,0.000004260000,   0.69600,
,,,0.000004270000,   0.69600,
,,,0.000004280000,   0.69600,
,,,0.000004290000,   0.70400,
,,,0.000004300000,   0.69600,
,,,0.000004310000,   0.69600,
,,,0.000004320000,   0.69600,
,,,0.000004330000,   0.69600,
,,,0.000004340000,   0.69600,
,,,0.000004350000,   0.69600,
,,,0.000004360000,   0.70400,
,,,0.000004370000,   0.69600,
,,,0.000004380000,   0.70400,
,,,0.000004390000,   0.70400,
,,,0.000004400000,   0.70400,
,,,0.000004410000,   0.71200,
,,,0.000004420000,   0.70400,
,,,0.000004430000,   0.70400,
,,,0.000004440000,   0.70400,
,,,0.000004450000,   0.72000,
,,,0.000004460000,   0.70400,
,,,0.000004470000,   0.69600,
,,,0.000004480000,   0.71200,
,,,0.000004490000,   0.71200,
,,,0.000004500000,   0.71200,
,,,0.000004510000,   0.71200,
,,,0.000004520000,   0.70400,
,,,0.000004530000,   0.71200,
,,,0.000004540000,   0.71200,
,,,0.000004550000,   0.72000,
,,,0.000004560000,   0.71200,
,,,0.000004570000,   0.70400,
,,,0.000004580000,   0.72000,
,,,0.000004590000,   0.72000,
,,,0.000004600000,   0.71200,
,,,0.000004610000,   0.72000,
,,,0.000004620000,   0.71200,
,,,0.000004630000,   0.71200,
,,,0.000004640000,   0.71200,
,,,0.000004650000,   0.71200,
,,,0.000004660000,   0.72800,
,,,0.000004670000,   0.71200,
,,,0.000004680000,   0.72000,
,,,0.000004690000,   0.72000,
,,,0.000004700000,   0.72000,
,,,0.000004710000,   0.72000,
,,,0.000004720000,   0.71200,
,,,0.000004730000,   0.72000,
,,,0.000004740000,   0.72800,
,,,0.000004750000,   0.72000,
,,,0.000004760000,   0.72800,
,,,0.000004770000,   0.72000,
,,,0.000004780000,   0.72800,
,,,0.000004790000,   0.72000,
,,,0.000004800000,   0.71200,
,,,0.000004810000,   0.72800,
,,,0.000004820000,   0.72800,
,,,0.000004830000,   0.72800,
,,,0.000004840000,   0.72000,
,,,0.000004850000,   0.73600,
,,,0.000004860000,   0.72800,
,,,0.000004870000,   0.72000,
,,,0.000004880000,   0.74400,
,,,0.000004890000,   0.72800,
,,,0.000004900000,   0.72000,
,,,0.000004910000,   0.73600,
,,,0.000004920000,   0.72800,
,,,0.000004930000,   0.72800,
,,,0.000004940000,   0.72000,
,,,0.000004950000,   0.72000,
,,,0.000004960000,   0.73600,
,,,0.000004970000,   0.72800,
,,,0.000004980000,   0.72800,
,,,0.000004990000,   0.72800,
,,,0.000005000000,   0.72800,
,,,0.000005010000,   0.73600,
,,,0.000005020000,   0.72800,
,,,0.000005030000,   0.72800,
,,,0.000005040000,   0.74400,
,,,0.000005050000,   0.73600,
,,,0.000005060000,   0.73600,
,,,0.000005070000,   0.73600,
,,,0.000005080000,   0.73600,
,,,0.000005090000,   0.73600,
,,,0.000005100000,   0.73600,
,,,0.000005110000,   0.74400,
,,,0.000005120000,   0.73600,
,,,0.000005130000,   0.74400,
,,,0.000005140000,   0.72800,
,,,0.000005150000,   0.73600,
,,,0.000005160000,   0.74400,
,,,0.000005170000,   0.73600,
,,,0.000005180000,   0.73600,
,,,0.000005190000,   0.74400,
,,,0.000005200000,   0.73600,
,,,0.000005210000,   0.74400,
,,,0.000005220000,   0.73600,
,,,0.000005230000,   0.72800,
,,,0.000005240000,   0.73600,
,,,0.000005250000,   0.74400,
,,,0.000005260000,   0.74400,
,,,0.000005270000,   0.74400,
,,,0.000005280000,   0.73600,
,,,0.000005290000,   0.74400,
,,,0.000005300000,   0.73600,
,,,0.000005310000,   0.74400,
,,,0.000005320000,   0.73600,
,,,0.000005330000,   0.73600,
,,,0.000005340000,   0.74400,
,,,0.000005350000,   0.73600,
,,,0.000005360000,   0.74400,
,,,0.000005370000,   0.75200,
,,,0.000005380000,   0.74400,
,,,0.000005390000,   0.73600,
,,,0.000005400000,   0.74400,
,,,0.000005410000,   0.73600,
,,,0.000005420000,   0.73600,
,,,0.000005430000,   0.73600,
,,,0.000005440000,   0.74400,
,,,0.000005450000,   0.75200,
,,,0.000005460000,   0.73600,
,,,0.000005470000,   0.74400,
,,,0.000005480000,   0.74400,
,,,0.000005490000,   0.74400,
,,,0.000005500000,   0.74400,
,,,0.000005510000,   0.74400,
,,,0.000005520000,   0.75200,
,,,0.000005530000,   0.73600,
,,,0.000005540000,   0.75200,
,,,0.000005550000,   0.74400,
,,,0.000005560000,   0.74400,
,,,0.000005570000,   0.73600,
,,,0.000005580000,   0.74400,
,,,0.000005590000,   0.74400,
,,,0.000005600000,   0.74400,
,,,0.000005610000,   0.74400,
,,,0.000005620000,   0.74400,
,,,0.000005630000,   0.73600,
,,,0.000005640000,   0.74400,
,,,0.000005650000,   0.74400,
,,,0.000005660000,   0.74400,
,,,0.000005670000,   0.74400,
,,,0.000005680000,   0.73600,
,,,0.000005690000,   0.73600,
,,,0.000005700000,   0.74400,
,,,0.000005710000,   0.74400,
,,,0.000005720000,   0.74400,
,,,0.000005730000,   0.74400,
,,,0.000005740000,   0.75200,
,,,0.000005750000,   0.74400,
,,,0.000005760000,   0.74400,
,,,0.000005770000,   0.74400,
,,,0.000005780000,   0.74400,
,,,0.000005790000,   0.74400,
,,,0.000005800000,   0.74400,
,,,0.000005810000,   0.73600,
,,,0.000005820000,   0.74400,
,,,0.000005830000,   0.73600,
,,,0.000005840000,   0.75200,
,,,0.000005850000,   0.73600,
,,,0.000005860000,   0.73600,
,,,0.000005870000,   0.75200,
,,,0.000005880000,   0.75200,
,,,0.000005890000,   0.73600,
,,,0.000005900000,   0.74400,
,,,0.000005910000,   0.74400,
,,,0.000005920000,   0.74400,
,,,0.000005930000,   0.74400,
,,,0.000005940000,   0.74400,
,,,0.000005950000,   0.74400,
,,,0.000005960000,   0.74400,
,,,0.000005970000,   0.74400,
,,,0.000005980000,   0.74400,
,,,0.000005990000,   0.73600,
,,,0.000006000000,   0.73600,
,,,0.000006010000,   0.74400,
,,,0.000006020000,   0.74400,
,,,0.000006030000,   0.74400,
,,,0.000006040000,   0.73600,
,,,0.000006050000,   0.74400,
,,,0.000006060000,   0.74400,
,,,0.000006070000,   0.74400,
,,,0.000006080000,   0.74400,
,,,0.000006090000,   0.73600,
,,,0.000006100000,   0.72800,
,,,0.000006110000,   0.73600,
,,,0.000006120000,   0.74400,
,,,0.000006130000,   0.72000,
,,,0.000006140000,   0.74400,
,,,0.000006150000,   0.72800,
,,,0.000006160000,   0.73600,
,,,0.000006170000,   0.72800,
,,,0.000006180000,   0.74400,
,,,0.000006190000,   0.73600,
,,,0.000006200000,   0.73600,
,,,0.000006210000,   0.73600,
,,,0.000006220000,   0.72800,
,,,0.000006230000,   0.73600,
,,,0.000006240000,   0.73600,
,,,0.000006250000,   0.74400,
,,,0.000006260000,   0.73600,
,,,0.000006270000,   0.72800,
,,,0.000006280000,   0.74400,
,,,0.000006290000,   0.72800,
,,,0.000006300000,   0.73600,
,,,0.000006310000,   0.73600,
,,,0.000006320000,   0.72800,
,,,0.000006330000,   0.72800,
,,,0.000006340000,   0.72800,
,,,0.000006350000,   0.72800,
,,,0.000006360000,   0.73600,
,,,0.000006370000,   0.72800,
,,,0.000006380000,   0.72000,
,,,0.000006390000,   0.73600,
,,,0.000006400000,   0.73600,
,,,0.000006410000,   0.72800,
,,,0.000006420000,   0.72800,
,,,0.000006430000,   0.73600,
,,,0.000006440000,   0.72800,
,,,0.000006450000,   0.73600,
,,,0.000006460000,   0.72800,
,,,0.000006470000,   0.72000,
,,,0.000006480000,   0.72800,
,,,0.000006490000,   0.72800,
,,,0.000006500000,   0.72000,
,,,0.000006510000,   0.72800,
,,,0.000006520000,   0.74400,
,,,0.000006530000,   0.72000,
,,,0.000006540000,   0.72800,
,,,0.000006550000,   0.72000,
,,,0.000006560000,   0.72800,
,,,0.000006570000,   0.72800,
,,,0.000006580000,   0.72000,
,,,0.000006590000,   0.72000,
,,,0.000006600000,   0.72000,
,,,0.000006610000,   0.72000,
,,,0.000006620000,   0.71200,
,,,0.000006630000,   0.72000,
,,,0.000006640000,   0.72000,
,,,0.000006650000,   0.72000,
,,,0.000006660000,   0.72000,
,,,0.000006670000,   0.72000,
,,,0.000006680000,   0.72000,
,,,0.000006690000,   0.72800,
,,,0.000006700000,   0.72000,
,,,0.000006710000,   0.71200,
,,,0.000006720000,   0.71200,
,,,0.000006730000,   0.70400,
,,,0.000006740000,   0.72000,
,,,0.000006750000,   0.72000,
,,,0.000006760000,   0.72800,
,,,0.000006770000,   0.71200,
,,,0.000006780000,   0.71200,
,,,0.000006790000,   0.70400,
,,,0.000006800000,   0.72000,
,,,0.000006810000,   0.71200,
,,,0.000006820000,   0.71200,
,,,0.000006830000,   0.70400,
,,,0.000006840000,   0.71200,
,,,0.000006850000,   0.70400,
,,,0.000006860000,   0.72000,
,,,0.000006870000,   0.71200,
,,,0.000006880000,   0.71200,
,,,0.000006890000,   0.71200,
,,,0.000006900000,   0.70400,
,,,0.000006910000,   0.71200,
,,,0.000006920000,   0.71200,
,,,0.000006930000,   0.70400,
,,,0.000006940000,   0.70400,
,,,0.000006950000,   0.71200,
,,,0.000006960000,   0.71200,
,,,0.000006970000,   0.71200,
,,,0.000006980000,   0.69600,
,,,0.000006990000,   0.69600,
,,,0.000007000000,   0.68800,
,,,0.000007010000,   0.69600,
,,,0.000007020000,   0.71200,
,,,0.000007030000,   0.70400,
,,,0.000007040000,   0.70400,
,,,0.000007050000,   0.69600,
,,,0.000007060000,   0.69600,
,,,0.000007070000,   0.70400,
,,,0.000007080000,   0.70400,
,,,0.000007090000,   0.68800,
,,,0.000007100000,   0.68800,
,,,0.000007110000,   0.69600,
,,,0.000007120000,   0.69600,
,,,0.000007130000,   0.69600,
,,,0.000007140000,   0.70400,
,,,0.000007150000,   0.70400,
,,,0.000007160000,   0.68800,
,,,0.000007170000,   0.68800,
,,,0.000007180000,   0.68800,
,,,0.000007190000,   0.68800,
,,,0.000007200000,   0.69600,
,,,0.000007210000,   0.68800,
,,,0.000007220000,   0.68800,
,,,0.000007230000,   0.68800,
,,,0.000007240000,   0.68800,
,,,0.000007250000,   0.68000,
,,,0.000007260000,   0.69600,
,,,0.000007270000,   0.68800,
,,,0.000007280000,   0.68000,
,,,0.000007290000,   0.68800,
,,,0.000007300000,   0.68000,
,,,0.000007310000,   0.67200,
,,,0.000007320000,   0.67200,
,,,0.000007330000,   0.67200,
,,,0.000007340000,   0.68000,
,,,0.000007350000,   0.68000,
,,,0.000007360000,   0.68000,
,,,0.000007370000,   0.68000,
,,,0.000007380000,   0.68800,
,,,0.000007390000,   0.67200,
,,,0.000007400000,   0.67200,
,,,0.000007410000,   0.66400,
,,,0.000007420000,   0.67200,
,,,0.000007430000,   0.66400,
,,,0.000007440000,   0.67200,
,,,0.000007450000,   0.67200,
,,,0.000007460000,   0.67200,
,,,0.000007470000,   0.67200,
,,,0.000007480000,   0.66400,
,,,0.000007490000,   0.67200,
,,,0.000007500000,   0.66400,
,,,0.000007510000,   0.66400,
,,,0.000007520000,   0.66400,
,,,0.000007530000,   0.67200,
,,,0.000007540000,   0.65600,
,,,0.000007550000,   0.67200,
,,,0.000007560000,   0.67200,
,,,0.000007570000,   0.65600,
,,,0.000007580000,   0.65600,
,,,0.000007590000,   0.66400,
,,,0.000007600000,   0.65600,
,,,0.000007610000,   0.65600,
,,,0.000007620000,   0.65600,
,,,0.000007630000,   0.65600,
,,,0.000007640000,   0.64800,
,,,0.000007650000,   0.65600,
,,,0.000007660000,   0.66400,
,,,0.000007670000,   0.64800,
,,,0.000007680000,   0.65600,
,,,0.000007690000,   0.64800,
,,,0.000007700000,   0.64800,
,,,0.000007710000,   0.64800,
,,,0.000007720000,   0.65600,
,,,0.000007730000,   0.64800,
,,,0.000007740000,   0.64800,
,,,0.000007750000,   0.64000,
,,,0.000007760000,   0.64000,
,,,0.000007770000,   0.63200,
,,,0.000007780000,   0.64000,
,,,0.000007790000,   0.63200,
,,,0.000007800000,   0.65600,
,,,0.000007810000,   0.64000,
,,,0.000007820000,   0.64000,
,,,0.000007830000,   0.64000,
,,,0.000007840000,   0.63200,
,,,0.000007850000,   0.64800,
,,,0.000007860000,   0.64000,
,,,0.000007870000,   0.63200,
,,,0.000007880000,   0.63200,
,,,0.000007890000,   0.62400,
,,,0.000007900000,   0.64000,
,,,0.000007910000,   0.64000,
,,,0.000007920000,   0.63200,
,,,0.000007930000,   0.62400,
,,,0.000007940000,   0.62400,
,,,0.000007950000,   0.62400,
,,,0.000007960000,   0.63200,
,,,0.000007970000,   0.61600,
,,,0.000007980000,   0.62400,
,,,0.000007990000,   0.60800,
,,,0.000008000000,   0.62400,
,,,0.000008010000,   0.61600,
,,,0.000008020000,   0.62400,
,,,0.000008030000,   0.62400,
,,,0.000008040000,   0.61600,
,,,0.000008050000,   0.61600,
,,,0.000008060000,   0.62400,
,,,0.000008070000,   0.61600,
,,,0.000008080000,   0.61600,
,,,0.000008090000,   0.60800,
,,,0.000008100000,   0.60800,
,,,0.000008110000,   0.60800,
,,,0.000008120000,   0.60800,
,,,0.000008130000,   0.60800,
,,,0.000008140000,   0.61600,
,,,0.000008150000,   0.60800,
,,,0.000008160000,   0.60800,
,,,0.000008170000,   0.60000,
,,,0.000008180000,   0.60800,
,,,0.000008190000,   0.59200,
,,,0.000008200000,   0.58400,
,,,0.000008210000,   0.59200,
,,,0.000008220000,   0.59200,
,,,0.000008230000,   0.60000,
,,,0.000008240000,   0.59200,
,,,0.000008250000,   0.60000,
,,,0.000008260000,   0.59200,
,,,0.000008270000,   0.59200,
,,,0.000008280000,   0.58400,
,,,0.000008290000,   0.58400,
,,,0.000008300000,   0.59200,
,,,0.000008310000,   0.58400,
,,,0.000008320000,   0.58400,
,,,0.000008330000,   0.57600,
,,,0.000008340000,   0.57600,
,,,0.000008350000,   0.59200,
,,,0.000008360000,   0.58400,
,,,0.000008370000,   0.59200,
,,,0.000008380000,   0.58400,
,,,0.000008390000,   0.57600,
,,,0.000008400000,   0.57600,
,,,0.000008410000,   0.58400,
,,,0.000008420000,   0.56800,
,,,0.000008430000,   0.56000,
,,,0.000008440000,   0.57600,
,,,0.000008450000,   0.57600,
,,,0.000008460000,   0.57600,
,,,0.000008470000,   0.57600,
,,,0.000008480000,   0.56000,
,,,0.000008490000,   0.56000,
,,,0.000008500000,   0.56000,
,,,0.000008510000,   0.56000,
,,,0.000008520000,   0.56000,
,,,0.000008530000,   0.56000,
,,,0.000008540000,   0.56000,
,,,0.000008550000,   0.56000,
,,,0.000008560000,   0.56000,
,,,0.000008570000,   0.56000,
,,,0.000008580000,   0.55200,
,,,0.000008590000,   0.56000,
,,,0.000008600000,   0.55200,
,,,0.000008610000,   0.54400,
,,,0.000008620000,   0.55200,
,,,0.000008630000,   0.53600,
,,,0.000008640000,   0.54400,
,,,0.000008650000,   0.54400,
,,,0.000008660000,   0.54400,
,,,0.000008670000,   0.54400,
,,,0.000008680000,   0.54400,
,,,0.000008690000,   0.53600,
,,,0.000008700000,   0.52800,
,,,0.000008710000,   0.53600,
,,,0.000008720000,   0.52800,
,,,0.000008730000,   0.53600,
,,,0.000008740000,   0.54400,
,,,0.000008750000,   0.52800,
,,,0.000008760000,   0.52800,
,,,0.000008770000,   0.53600,
,,,0.000008780000,   0.52800,
,,,0.000008790000,   0.52800,
,,,0.000008800000,   0.52800,
,,,0.000008810000,   0.52000,
,,,0.000008820000,   0.52000,
,,,0.000008830000,   0.52000,
,,,0.000008840000,   0.52000,
,,,0.000008850000,   0.52000,
,,,0.000008860000,   0.52000,
,,,0.000008870000,   0.52000,
,,,0.000008880000,   0.52000,
,,,0.000008890000,   0.52000,
,,,0.000008900000,   0.51200,
,,,0.000008910000,   0.50400,
,,,0.000008920000,   0.51200,
,,,0.000008930000,   0.51200,
,,,0.000008940000,   0.50400,
,,,0.000008950000,   0.51200,
,,,0.000008960000,   0.50400,
,,,0.000008970000,   0.50400,
,,,0.000008980000,   0.50400,
,,,0.000008990000,   0.50400,
,,,0.000009000000,   0.50400,
,,,0.000009010000,   0.49600,
,,,0.000009020000,   0.49600,
,,,0.000009030000,   0.48800,
,,,0.000009040000,   0.48800,
,,,0.000009050000,   0.48800,
,,,0.000009060000,   0.48800,
,,,0.000009070000,   0.50400,
,,,0.000009080000,   0.48800,
,,,0.000009090000,   0.49600,
,,,0.000009100000,   0.48000,
,,,0.000009110000,   0.48800,
,,,0.000009120000,   0.48000,
,,,0.000009130000,   0.48000,
,,,0.000009140000,   0.48000,
,,,0.000009150000,   0.47200,
,,,0.000009160000,   0.48000,
,,,0.000009170000,   0.47200,
,,,0.000009180000,   0.47200,
,,,0.000009190000,   0.46400,
,,,0.000009200000,   0.47200,
,,,0.000009210000,   0.46400,
,,,0.000009220000,   0.47200,
,,,0.000009230000,   0.47200,
,,,0.000009240000,   0.46400,
,,,0.000009250000,   0.46400,
,,,0.000009260000,   0.45600,
,,,0.000009270000,   0.45600,
,,,0.000009280000,   0.45600,
,,,0.000009290000,   0.46400,
,,,0.000009300000,   0.46400,
,,,0.000009310000,   0.44800,
,,,0.000009320000,   0.44800,
,,,0.000009330000,   0.44800,
,,,0.000009340000,   0.45600,
,,,0.000009350000,   0.44800,
,,,0.000009360000,   0.45600,
,,,0.000009370000,   0.44000,
,,,0.000009380000,   0.44800,
,,,0.000009390000,   0.44000,
,,,0.000009400000,   0.43200,
,,,0.000009410000,   0.44000,
,,,0.000009420000,   0.43200,
,,,0.000009430000,   0.43200,
,,,0.000009440000,   0.43200,
,,,0.000009450000,   0.43200,
,,,0.000009460000,   0.43200,
,,,0.000009470000,   0.42400,
,,,0.000009480000,   0.43200,
,,,0.000009490000,   0.43200,
,,,0.000009500000,   0.42400,
,,,0.000009510000,   0.42400,
,,,0.000009520000,   0.41600,
,,,0.000009530000,   0.42400,
,,,0.000009540000,   0.41600,
,,,0.000009550000,   0.43200,
,,,0.000009560000,   0.41600,
,,,0.000009570000,   0.40800,
,,,0.000009580000,   0.40800,
,,,0.000009590000,   0.40800,
,,,0.000009600000,   0.40000,
,,,0.000009610000,   0.40800,
,,,0.000009620000,   0.40000,
,,,0.000009630000,   0.40800,
,,,0.000009640000,   0.40800,
,,,0.000009650000,   0.40000,
,,,0.000009660000,   0.39200,
,,,0.000009670000,   0.39200,
,,,0.000009680000,   0.40000,
,,,0.000009690000,   0.40000,
,,,0.000009700000,   0.39200,
,,,0.000009710000,   0.39200,
,,,0.000009720000,   0.39200,
,,,0.000009730000,   0.38400,
,,,0.000009740000,   0.38400,
,,,0.000009750000,   0.38400,
,,,0.000009760000,   0.39200,
,,,0.000009770000,   0.38400,
,,,0.000009780000,   0.39200,
,,,0.000009790000,   0.37600,
,,,0.000009800000,   0.38400,
,,,0.000009810000,   0.38400,
,,,0.000009820000,   0.37600,
,,,0.000009830000,   0.37600,
,,,0.000009840000,   0.37600,
,,,0.000009850000,   0.36800,
,,,0.000009860000,   0.36000,
,,,0.000009870000,   0.36800,
,,,0.000009880000,   0.36800,
,,,0.000009890000,   0.36800,
,,,0.000009900000,   0.36000,
,,,0.000009910000,   0.36800,
,,,0.000009920000,   0.36800,
,,,0.000009930000,   0.36000,
,,,0.000009940000,   0.36000,
,,,0.000009950000,   0.35200,
,,,0.000009960000,   0.35200,
,,,0.000009970000,   0.35200,
,,,0.000009980000,   0.34400,
,,,0.000009990000,   0.36000,
,,,0.000010000000,   0.34400,
,,,0.000010010000,   0.34400,
,,,0.000010020000,   0.35200,
,,,0.000010030000,   0.34400,
,,,0.000010040000,   0.34400,
,,,0.000010050000,   0.33600,
,,,0.000010060000,   0.33600,
,,,0.000010070000,   0.32800,
,,,0.000010080000,   0.32800,
,,,0.000010090000,   0.32800,
,,,0.000010100000,   0.32800,
,,,0.000010110000,   0.32800,
,,,0.000010120000,   0.32800,
,,,0.000010130000,   0.32000,
,,,0.000010140000,   0.32800,
,,,0.000010150000,   0.32800,
,,,0.000010160000,   0.32000,
,,,0.000010170000,   0.31200,
,,,0.000010180000,   0.31200,
,,,0.000010190000,   0.32000,
,,,0.000010200000,   0.31200,
,,,0.000010210000,   0.31200,
,,,0.000010220000,   0.30400,
,,,0.000010230000,   0.30400,
,,,0.000010240000,   0.30400,
,,,0.000010250000,   0.30400,
,,,0.000010260000,   0.29600,
,,,0.000010270000,   0.29600,
,,,0.000010280000,   0.30400,
,,,0.000010290000,   0.29600,
,,,0.000010300000,   0.28800,
,,,0.000010310000,   0.29600,
,,,0.000010320000,   0.28800,
,,,0.000010330000,   0.28800,
,,,0.000010340000,   0.28800,
,,,0.000010350000,   0.28800,
,,,0.000010360000,   0.28800,
,,,0.000010370000,   0.28000,
,,,0.000010380000,   0.28800,
,,,0.000010390000,   0.27200,
,,,0.000010400000,   0.26400,
,,,0.000010410000,   0.28000,
,,,0.000010420000,   0.28000,
,,,0.000010430000,   0.26400,
,,,0.000010440000,   0.27200,
,,,0.000010450000,   0.27200,
,,,0.000010460000,   0.26400,
,,,0.000010470000,   0.26400,
,,,0.000010480000,   0.26400,
,,,0.000010490000,   0.26400,
,,,0.000010500000,   0.25600,
,,,0.000010510000,   0.25600,
,,,0.000010520000,   0.26400,
,,,0.000010530000,   0.24800,
,,,0.000010540000,   0.25600,
,,,0.000010550000,   0.24800,
,,,0.000010560000,   0.24800,
,,,0.000010570000,   0.24800,
,,,0.000010580000,   0.24000,
,,,0.000010590000,   0.24800,
,,,0.000010600000,   0.23200,
,,,0.000010610000,   0.23200,
,,,0.000010620000,   0.24000,
,,,0.000010630000,   0.24000,
,,,0.000010640000,   0.23200,
,,,0.000010650000,   0.24000,
,,,0.000010660000,   0.23200,
,,,0.000010670000,   0.22400,
,,,0.000010680000,   0.23200,
,,,0.000010690000,   0.23200,
,,,0.000010700000,   0.23200,
,,,0.000010710000,   0.22400,
,,,0.000010720000,   0.22400,
,,,0.000010730000,   0.21600,
,,,0.000010740000,   0.22400,
,,,0.000010750000,   0.21600,
,,,0.000010760000,   0.20800,
,,,0.000010770000,   0.21600,
,,,0.000010780000,   0.20800,
,,,0.000010790000,   0.20800,
,,,0.000010800000,   0.20800,
,,,0.000010810000,   0.20800,
,,,0.000010820000,   0.20000,
,,,0.000010830000,   0.20000,
,,,0.000010840000,   0.20000,
,,,0.000010850000,   0.20800,
,,,0.000010860000,   0.20000,
,,,0.000010870000,   0.20000,
,,,0.000010880000,   0.19200,
,,,0.000010890000,   0.18400,
,,,0.000010900000,   0.19200,
,,,0.000010910000,   0.18400,
,,,0.000010920000,   0.19200,
,,,0.000010930000,   0.18400,
,,,0.000010940000,   0.17600,
,,,0.000010950000,   0.17600,
,,,0.000010960000,   0.18400,
,,,0.000010970000,   0.16800,
,,,0.000010980000,   0.18400,
,,,0.000010990000,   0.16800,
,,,0.000011000000,   0.16800,
,,,0.000011010000,   0.16800,
,,,0.000011020000,   0.16800,
,,,0.000011030000,   0.15200,
,,,0.000011040000,   0.16000,
,,,0.000011050000,   0.16000,
,,,0.000011060000,   0.16800,
,,,0.000011070000,   0.16000,
,,,0.000011080000,   0.15200,
,,,0.000011090000,   0.16000,
,,,0.000011100000,   0.14400,
,,,0.000011110000,   0.16000,
,,,0.000011120000,   0.15200,
,,,0.000011130000,   0.14400,
,,,0.000011140000,   0.15200,
,,,0.000011150000,   0.14400,
,,,0.000011160000,   0.13600,
,,,0.000011170000,   0.13600,
,,,0.000011180000,   0.13600,
,,,0.000011190000,   0.13600,
,,,0.000011200000,   0.13600,
,,,0.000011210000,   0.12800,
,,,0.000011220000,   0.13600,
,,,0.000011230000,   0.12000,
,,,0.000011240000,   0.12800,
,,,0.000011250000,   0.12000,
,,,0.000011260000,   0.12800,
,,,0.000011270000,   0.12000,
,,,0.000011280000,   0.12000,
,,,0.000011290000,   0.12000,
,,,0.000011300000,   0.12000,
,,,0.000011310000,   0.11200,
,,,0.000011320000,   0.12000,
,,,0.000011330000,   0.10400,
,,,0.000011340000,   0.11200,
,,,0.000011350000,   0.10400,
,,,0.000011360000,   0.11200,
,,,0.000011370000,   0.09600,
,,,0.000011380000,   0.10400,
,,,0.000011390000,   0.10400,
,,,0.000011400000,   0.10400,
,,,0.000011410000,   0.08800,
,,,0.000011420000,   0.09600,
,,,0.000011430000,   0.09600,
,,,0.000011440000,   0.08800,
,,,0.000011450000,   0.08800,
,,,0.000011460000,   0.08800,
,,,0.000011470000,   0.08000,
,,,0.000011480000,   0.08800,
,,,0.000011490000,   0.08000,
,,,0.000011500000,   0.07200,
,,,0.000011510000,   0.07200,
,,,0.000011520000,   0.08000,
,,,0.000011530000,   0.07200,
,,,0.000011540000,   0.07200,
,,,0.000011550000,   0.08000,
,,,0.000011560000,   0.06400,
,,,0.000011570000,   0.06400,
,,,0.000011580000,   0.06400,
,,,0.000011590000,   0.06400,
,,,0.000011600000,   0.05600,
,,,0.000011610000,   0.05600,
,,,0.000011620000,   0.05600,
,,,0.000011630000,   0.04000,
,,,0.000011640000,   0.04800,
,,,0.000011650000,   0.05600,
,,,0.000011660000,   0.04800,
,,,0.000011670000,   0.04800,
,,,0.000011680000,   0.04800,
,,,0.000011690000,   0.04800,
,,,0.000011700000,   0.04000,
,,,0.000011710000,   0.04800,
,,,0.000011720000,   0.04000,
,,,0.000011730000,   0.04000,
,,,0.000011740000,   0.03200,
,,,0.000011750000,   0.04000,
,,,0.000011760000,   0.03200,
,,,0.000011770000,   0.02400,
,,,0.000011780000,   0.04000,
,,,0.000011790000,   0.01600,
,,,0.000011800000,   0.02400,
,,,0.000011810000,   0.02400,
,,,0.000011820000,   0.01600,
,,,0.000011830000,   0.01600,
,,,0.000011840000,   0.01600,
,,,0.000011850000,   0.02400,
,,,0.000011860000,   0.00800,
,,,0.000011870000,   0.01600,
,,,0.000011880000,   0.00800,
,,,0.000011890000,   0.00800,
,,,0.000011900000,   0.00000,
,,,0.000011910000,   0.00800,
,,,0.000011920000,   0.00800,
,,,0.000011930000,  -0.00800,
,,,0.000011940000,   0.00000,
,,,0.000011950000,   0.00000,
,,,0.000011960000,  -0.01600,
,,,0.000011970000,   0.00000,
,,,0.000011980000,  -0.00800,
,,,0.000011990000,  -0.01600,
,,,0.000012000000,  -0.01600,
,,,0.000012010000,  -0.00800,
,,,0.000012020000,  -0.01600,
,,,0.000012030000,  -0.01600,
,,,0.000012040000,  -0.02400,
,,,0.000012050000,  -0.01600,
,,,0.000012060000,  -0.01600,
,,,0.000012070000,  -0.03200,
,,,0.000012080000,  -0.03200,
,,,0.000012090000,  -0.03200,
,,,0.000012100000,  -0.03200,
,,,0.000012110000,  -0.03200,
,,,0.000012120000,  -0.03200,
,,,0.000012130000,  -0.03200,
,,,0.000012140000,  -0.03200,
,,,0.000012150000,  -0.04000,
,,,0.000012160000,  -0.04800,
,,,0.000012170000,  -0.04800,
,,,0.000012180000,  -0.04800,
,,,0.000012190000,  -0.05600,
,,,0.000012200000,  -0.04000,
,,,0.000012210000,  -0.04800,
,,,0.000012220000,  -0.05600,
,,,0.000012230000,  -0.05600,
,,,0.000012240000,  -0.05600,
,,,0.000012250000,  -0.05600,
,,,0.000012260000,  -0.06400,
,,,0.000012270000,  -0.06400,
,,,0.000012280000,  -0.06400,
,,,0.000012290000,  -0.06400,
,,,0.000012300000,  -0.06400,
,,,0.000012310000,  -0.06400,
,,,0.000012320000,  -0.08800,
,,,0.000012330000,  -0.06400,
,,,0.000012340000,  -0.08000,
,,,0.000012350000,  -0.08800,
,,,0.000012360000,  -0.08000,
,,,0.000012370000,  -0.08800,
,,,0.000012380000,  -0.08000,
,,,0.000012390000,  -0.08800,
,,,0.000012400000,  -0.08800,
,,,0.000012410000,  -0.09600,
,,,0.000012420000,  -0.09600,
,,,0.000012430000,  -0.09600,
,,,0.000012440000,  -0.08800,
,,,0.000012450000,  -0.09600,
,,,0.000012460000,  -0.10400,
,,,0.000012470000,  -0.10400,
,,,0.000012480000,  -0.09600,
,,,0.000012490000,  -0.10400,
,,,0.000012500000,  -0.11200,
,,,0.000012510000,  -0.11200,
,,,0.000012520000,  -0.11200,
,,,0.000012530000,  -0.11200,
,,,0.000012540000,  -0.11200,
,,,0.000012550000,  -0.12000,
,,,0.000012560000,  -0.12000,
,,,0.000012570000,  -0.12000,
,,,0.000012580000,  -0.12000,
,,,0.000012590000,  -0.12800,
,,,0.000012600000,  -0.12800,
,,,0.000012610000,  -0.12800,
,,,0.000012620000,  -0.13600,
,,,0.000012630000,  -0.13600,
,,,0.000012640000,  -0.13600,
,,,0.000012650000,  -0.12800,
,,,0.000012660000,  -0.13600,
,,,0.000012670000,  -0.12800,
,,,0.000012680000,  -0.13600,
,,,0.000012690000,  -0.14400,
,,,0.000012700000,  -0.13600,
,,,0.000012710000,  -0.14400,
,,,0.000012720000,  -0.15200,
,,,0.000012730000,  -0.15200,
,,,0.000012740000,  -0.15200,
,,,0.000012750000,  -0.15200,
,,,0.000012760000,  -0.15200,
,,,0.000012770000,  -0.15200,
,,,0.000012780000,  -0.16000,
,,,0.000012790000,  -0.16800,
,,,0.000012800000,  -0.16800,
,,,0.000012810000,  -0.16800,
,,,0.000012820000,  -0.16000,
,,,0.000012830000,  -0.17600,
,,,0.000012840000,  -0.16800,
,,,0.000012850000,  -0.17600,
,,,0.000012860000,  -0.17600,
,,,0.000012870000,  -0.17600,
,,,0.000012880000,  -0.17600,
,,,0.000012890000,  -0.17600,
,,,0.000012900000,  -0.18400,
,,,0.000012910000,  -0.18400,
,,,0.000012920000,  -0.18400,
,,,0.000012930000,  -0.19200,
,,,0.000012940000,  -0.18400,
,,,0.000012950000,  -0.18400,
,,,0.000012960000,  -0.18400,
,,,0.000012970000,  -0.19200,
,,,0.000012980000,  -0.20000,
,,,0.000012990000,  -0.19200,
,,,0.000013000000,  -0.19200,
,,,0.000013010000,  -0.20000,
,,,0.000013020000,  -0.20000,
,,,0.000013030000,  -0.20000,
,,,0.000013040000,  -0.20000,
,,,0.000013050000,  -0.20000,
,,,0.000013060000,  -0.21600,
,,,0.000013070000,  -0.20800,
,,,0.000013080000,  -0.20800,
,,,0.000013090000,  -0.21600,
,,,0.000013100000,  -0.21600,
,,,0.000013110000,  -0.22400,
,,,0.000013120000,  -0.22400,
,,,0.000013130000,  -0.21600,
,,,0.000013140000,  -0.21600,
,,,0.000013150000,  -0.22400,
,,,0.000013160000,  -0.22400,
,,,0.000013170000,  -0.23200,
,,,0.000013180000,  -0.23200,
,,,0.000013190000,  -0.22400,
,,,0.000013200000,  -0.22400,
,,,0.000013210000,  -0.23200,
,,,0.000013220000,  -0.24000,
,,,0.000013230000,  -0.24000,
,,,0.000013240000,  -0.24000,
,,,0.000013250000,  -0.23200,
,,,0.000013260000,  -0.24000,
,,,0.000013270000,  -0.24800,
,,,0.000013280000,  -0.24800,
,,,0.000013290000,  -0.24800,
,,,0.000013300000,  -0.24800,
,,,0.000013310000,  -0.25600,
,,,0.000013320000,  -0.24800,
,,,0.000013330000,  -0.26400,
,,,0.000013340000,  -0.25600,
,,,0.000013350000,  -0.25600,
,,,0.000013360000,  -0.26400,
,,,0.000013370000,  -0.25600,
,,,0.000013380000,  -0.26400,
,,,0.000013390000,  -0.26400,
,,,0.000013400000,  -0.26400,
,,,0.000013410000,  -0.27200,
,,,0.000013420000,  -0.27200,
,,,0.000013430000,  -0.28000,
,,,0.000013440000,  -0.26400,
,,,0.000013450000,  -0.28000,
,,,0.000013460000,  -0.28000,
,,,0.000013470000,  -0.28000,
,,,0.000013480000,  -0.28000,
,,,0.000013490000,  -0.28800,
,,,0.000013500000,  -0.28000,
,,,0.000013510000,  -0.28000,
,,,0.000013520000,  -0.28800,
,,,0.000013530000,  -0.28800,
,,,0.000013540000,  -0.29600,
,,,0.000013550000,  -0.28800,
,,,0.000013560000,  -0.30400,
,,,0.000013570000,  -0.29600,
,,,0.000013580000,  -0.30400,
,,,0.000013590000,  -0.29600,
,,,0.000013600000,  -0.29600,
,,,0.000013610000,  -0.30400,
,,,0.000013620000,  -0.30400,
,,,0.000013630000,  -0.30400,
,,,0.000013640000,  -0.30400,
,,,0.000013650000,  -0.31200,
,,,0.000013660000,  -0.31200,
,,,0.000013670000,  -0.32000,
,,,0.000013680000,  -0.31200,
,,,0.000013690000,  -0.32000,
,,,0.000013700000,  -0.32800,
,,,0.000013710000,  -0.32800,
,,,0.000013720000,  -0.32000,
,,,0.000013730000,  -0.32800,
,,,0.000013740000,  -0.32000,
,,,0.000013750000,  -0.32000,
,,,0.000013760000,  -0.32800,
,,,0.000013770000,  -0.34400,
,,,0.000013780000,  -0.32800,
,,,0.000013790000,  -0.33600,
,,,0.000013800000,  -0.33600,
,,,0.000013810000,  -0.33600,
,,,0.000013820000,  -0.34400,
,,,0.000013830000,  -0.34400,
,,,0.000013840000,  -0.33600,
,,,0.000013850000,  -0.33600,
,,,0.000013860000,  -0.34400,
,,,0.000013870000,  -0.35200,
,,,0.000013880000,  -0.34400,
,,,0.000013890000,  -0.34400,
,,,0.000013900000,  -0.35200,
,,,0.000013910000,  -0.35200,
,,,0.000013920000,  -0.36800,
,,,0.000013930000,  -0.36000,
,,,0.000013940000,  -0.35200,
,,,0.000013950000,  -0.36000,
,,,0.000013960000,  -0.36800,
,,,0.000013970000,  -0.36000,
,,,0.000013980000,  -0.36800,
,,,0.000013990000,  -0.36000,
,,,0.000014000000,  -0.37600,
,,,0.000014010000,  -0.37600,
,,,0.000014020000,  -0.37600,
,,,0.000014030000,  -0.36800,
,,,0.000014040000,  -0.36800,
,,,0.000014050000,  -0.38400,
,,,0.000014060000,  -0.37600,
,,,0.000014070000,  -0.38400,
,,,0.000014080000,  -0.38400,
,,,0.000014090000,  -0.38400,
,,,0.000014100000,  -0.39200,
,,,0.000014110000,  -0.38400,
,,,0.000014120000,  -0.38400,
,,,0.000014130000,  -0.39200,
,,,0.000014140000,  -0.39200,
,,,0.000014150000,  -0.39200,
,,,0.000014160000,  -0.40000,
,,,0.000014170000,  -0.39200,
,,,0.000014180000,  -0.40000,
,,,0.000014190000,  -0.40000,
,,,0.000014200000,  -0.40800,
,,,0.000014210000,  -0.40000,
,,,0.000014220000,  -0.41600,
,,,0.000014230000,  -0.40800,
,,,0.000014240000,  -0.40800,
,,,0.000014250000,  -0.40800,
,,,0.000014260000,  -0.41600,
,,,0.000014270000,  -0.40800,
,,,0.000014280000,  -0.40800,
,,,0.000014290000,  -0.41600,
,,,0.000014300000,  -0.41600,
,,,0.000014310000,  -0.40800,
,,,0.000014320000,  -0.42400,
,,,0.000014330000,  -0.42400,
,,,0.000014340000,  -0.41600,
,,,0.000014350000,  -0.42400,
,,,0.000014360000,  -0.43200,
,,,0.000014370000,  -0.42400,
,,,0.000014380000,  -0.43200,
,,,0.000014390000,  -0.43200,
,,,0.000014400000,  -0.43200,
,,,0.000014410000,  -0.43200,
,,,0.000014420000,  -0.43200,
,,,0.000014430000,  -0.44000,
,,,0.000014440000,  -0.43200,
,,,0.000014450000,  -0.44000,
,,,0.000014460000,  -0.44000,
,,,0.000014470000,  -0.44000,
,,,0.000014480000,  -0.44800,
,,,0.000014490000,  -0.44000,
,,,0.000014500000,  -0.44000,
,,,0.000014510000,  -0.45600,
,,,0.000014520000,  -0.44000,
,,,0.000014530000,  -0.45600,
,,,0.000014540000,  -0.46400,
,,,0.000014550000,  -0.45600,
,,,0.000014560000,  -0.45600,
,,,0.000014570000,  -0.45600,
,,,0.000014580000,  -0.46400,
,,,0.000014590000,  -0.45600,
,,,0.000014600000,  -0.45600,
,,,0.000014610000,  -0.45600,
,,,0.000014620000,  -0.45600,
,,,0.000014630000,  -0.48000,
,,,0.000014640000,  -0.47200,
,,,0.000014650000,  -0.46400,
,,,0.000014660000,  -0.46400,
,,,0.000014670000,  -0.47200,
,,,0.000014680000,  -0.46400,
,,,0.000014690000,  -0.48000,
,,,0.000014700000,  -0.47200,
,,,0.000014710000,  -0.48000,
,,,0.000014720000,  -0.47200,
,,,0.000014730000,  -0.48000,
,,,0.000014740000,  -0.48000,
,,,0.000014750000,  -0.48000,
,,,0.000014760000,  -0.48800,
,,,0.000014770000,  -0.48000,
,,,0.000014780000,  -0.48000,
,,,0.000014790000,  -0.48800,
,,,0.000014800000,  -0.48800,
,,,0.000014810000,  -0.48800,
,,,0.000014820000,  -0.48800,
,,,0.000014830000,  -0.49600,
,,,0.000014840000,  -0.49600,
,,,0.000014850000,  -0.48800,
,,,0.000014860000,  -0.49600,
,,,0.000014870000,  -0.49600,
,,,0.000014880000,  -0.50400,
,,,0.000014890000,  -0.49600,
,,,0.000014900000,  -0.50400,
,,,0.000014910000,  -0.51200,
,,,0.000014920000,  -0.49600,
,,,0.000014930000,  -0.50400,
,,,0.000014940000,  -0.51200,
,,,0.000014950000,  -0.50400,
,,,0.000014960000,  -0.51200,
,,,0.000014970000,  -0.50400,
,,,0.000014980000,  -0.51200,
,,,0.000014990000,  -0.52000,
,,,0.000015000000,  -0.52000,
,,,0.000015010000,  -0.52000,
,,,0.000015020000,  -0.52000,
,,,0.000015030000,  -0.52000,
,,,0.000015040000,  -0.52000,
,,,0.000015050000,  -0.52000,
,,,0.000015060000,  -0.52000,
,,,0.000015070000,  -0.52800,
,,,0.000015080000,  -0.52800,
,,,0.000015090000,  -0.53600,
,,,0.000015100000,  -0.52800,
,,,0.000015110000,  -0.52800,
,,,0.000015120000,  -0.53600,
,,,0.000015130000,  -0.53600,
,,,0.000015140000,  -0.52800,
,,,0.000015150000,  -0.53600,
,,,0.000015160000,  -0.53600,
,,,0.000015170000,  -0.54400,
,,,0.000015180000,  -0.53600,
,,,0.000015190000,  -0.53600,
,,,0.000015200000,  -0.54400,
,,,0.000015210000,  -0.55200,
,,,0.000015220000,  -0.54400,
,,,0.000015230000,  -0.54400,
,,,0.000015240000,  -0.55200,
,,,0.000015250000,  -0.54400,
,,,0.000015260000,  -0.54400,
,,,0.000015270000,  -0.55200,
,,,0.000015280000,  -0.54400,
,,,0.000015290000,  -0.56000,
,,,0.000015300000,  -0.55200,
,,,0.000015310000,  -0.56000,
,,,0.000015320000,  -0.56000,
,,,0.000015330000,  -0.56000,
,,,0.000015340000,  -0.56000,
,,,0.000015350000,  -0.56000,
,,,0.000015360000,  -0.55200,
,,,0.000015370000,  -0.56000,
,,,0.000015380000,  -0.56800,
,,,0.000015390000,  -0.56000,
,,,0.000015400000,  -0.56000,
,,,0.000015410000,  -0.56800,
,,,0.000015420000,  -0.57600,
,,,0.000015430000,  -0.58400,
,,,0.000015440000,  -0.57600,
,,,0.000015450000,  -0.56800,
,,,0.000015460000,  -0.57600,
,,,0.000015470000,  -0.56800,
,,,0.000015480000,  -0.56800,
,,,0.000015490000,  -0.56800,
,,,0.000015500000,  -0.58400,
,,,0.000015510000,  -0.57600,
,,,0.000015520000,  -0.59200,
,,,0.000015530000,  -0.57600,
,,,0.000015540000,  -0.59200,
,,,0.000015550000,  -0.59200,
,,,0.000015560000,  -0.59200,
,,,0.000015570000,  -0.57600,
,,,0.000015580000,  -0.58400,
,,,0.000015590000,  -0.59200,
,,,0.000015600000,  -0.59200,
,,,0.000015610000,  -0.60000,
,,,0.000015620000,  -0.60000,
,,,0.000015630000,  -0.60000,
,,,0.000015640000,  -0.59200,
,,,0.000015650000,  -0.59200,
,,,0.000015660000,  -0.59200,
,,,0.000015670000,  -0.59200,
,,,0.000015680000,  -0.60000,
,,,0.000015690000,  -0.60000,
,,,0.000015700000,  -0.60000,
,,,0.000015710000,  -0.60000,
,,,0.000015720000,  -0.60000,
,,,0.000015730000,  -0.60800,
,,,0.000015740000,  -0.60000,
,,,0.000015750000,  -0.60000,
,,,0.000015760000,  -0.60000,
,,,0.000015770000,  -0.60800,
,,,0.000015780000,  -0.60000,
,,,0.000015790000,  -0.59200,
,,,0.000015800000,  -0.60800,
,,,0.000015810000,  -0.60800,
,,,0.000015820000,  -0.61600,
,,,0.000015830000,  -0.61600,
,,,0.000015840000,  -0.61600,
,,,0.000015850000,  -0.61600,
,,,0.000015860000,  -0.61600,
,,,0.000015870000,  -0.61600,
,,,0.000015880000,  -0.61600,
,,,0.000015890000,  -0.61600,
,,,0.000015900000,  -0.62400,
,,,0.000015910000,  -0.62400,
,,,0.000015920000,  -0.63200,
,,,0.000015930000,  -0.63200,
,,,0.000015940000,  -0.61600,
,,,0.000015950000,  -0.63200,
,,,0.000015960000,  -0.62400,
,,,0.000015970000,  -0.61600,
,,,0.000015980000,  -0.62400,
,,,0.000015990000,  -0.63200,
,,,0.000016000000,  -0.64000,
,,,0.000016010000,  -0.62400,
,,,0.000016020000,  -0.63200,
,,,0.000016030000,  -0.63200,
,,,0.000016040000,  -0.64000,
,,,0.000016050000,  -0.63200,
,,,0.000016060000,  -0.64000,
,,,0.000016070000,  -0.64000,
,,,0.000016080000,  -0.64000,
,,,0.000016090000,  -0.64800,
,,,0.000016100000,  -0.64000,
,,,0.000016110000,  -0.64000,
,,,0.000016120000,  -0.64800,
,,,0.000016130000,  -0.64800,
,,,0.000016140000,  -0.64800,
,,,0.000016150000,  -0.64000,
,,,0.000016160000,  -0.64000,
,,,0.000016170000,  -0.64000,
,,,0.000016180000,  -0.64000,
,,,0.000016190000,  -0.64800,
,,,0.000016200000,  -0.65600,
,,,0.000016210000,  -0.64800,
,,,0.000016220000,  -0.65600,
,,,0.000016230000,  -0.64800,
,,,0.000016240000,  -0.65600,
,,,0.000016250000,  -0.65600,
,,,0.000016260000,  -0.65600,
,,,0.000016270000,  -0.65600,
,,,0.000016280000,  -0.65600,
,,,0.000016290000,  -0.66400,
,,,0.000016300000,  -0.65600,
,,,0.000016310000,  -0.65600,
,,,0.000016320000,  -0.65600,
,,,0.000016330000,  -0.66400,
,,,0.000016340000,  -0.65600,
,,,0.000016350000,  -0.65600,
,,,0.000016360000,  -0.65600,
,,,0.000016370000,  -0.66400,
,,,0.000016380000,  -0.66400,
,,,0.000016390000,  -0.66400,
,,,0.000016400000,  -0.65600,
,,,0.000016410000,  -0.66400,
,,,0.000016420000,  -0.67200,
,,,0.000016430000,  -0.66400,
,,,0.000016440000,  -0.65600,
,,,0.000016450000,  -0.66400,
,,,0.000016460000,  -0.67200,
,,,0.000016470000,  -0.67200,
,,,0.000016480000,  -0.66400,
,,,0.000016490000,  -0.67200,
,,,0.000016500000,  -0.67200,
,,,0.000016510000,  -0.66400,
,,,0.000016520000,  -0.68000,
,,,0.000016530000,  -0.68000,
,,,0.000016540000,  -0.68000,
,,,0.000016550000,  -0.67200,
,,,0.000016560000,  -0.68000,
,,,0.000016570000,  -0.68000,
,,,0.000016580000,  -0.68800,
,,,0.000016590000,  -0.68000,
,,,0.000016600000,  -0.68000,
,,,0.000016610000,  -0.68800,
,,,0.000016620000,  -0.68800,
,,,0.000016630000,  -0.68000,
,,,0.000016640000,  -0.68000,
,,,0.000016650000,  -0.68000,
,,,0.000016660000,  -0.68000,
,,,0.000016670000,  -0.68800,
,,,0.000016680000,  -0.68800,
,,,0.000016690000,  -0.68000,
,,,0.000016700000,  -0.68000,
,,,0.000016710000,  -0.68800,
,,,0.000016720000,  -0.68800,
,,,0.000016730000,  -0.68000,
,,,0.000016740000,  -0.69600,
,,,0.000016750000,  -0.68800,
,,,0.000016760000,  -0.68800,
,,,0.000016770000,  -0.69600,
,,,0.000016780000,  -0.68800,
,,,0.000016790000,  -0.68800,
,,,0.000016800000,  -0.69600,
,,,0.000016810000,  -0.69600,
,,,0.000016820000,  -0.70400,
,,,0.000016830000,  -0.69600,
,,,0.000016840000,  -0.69600,
,,,0.000016850000,  -0.69600,
,,,0.000016860000,  -0.69600,
,,,0.000016870000,  -0.69600,
,,,0.000016880000,  -0.69600,
,,,0.000016890000,  -0.69600,
,,,0.000016900000,  -0.70400,
,,,0.000016910000,  -0.69600,
,,,0.000016920000,  -0.69600,
,,,0.000016930000,  -0.70400,
,,,0.000016940000,  -0.70400,
,,,0.000016950000,  -0.70400,
,,,0.000016960000,  -0.69600,
,,,0.000016970000,  -0.70400,
,,,0.000016980000,  -0.70400,
,,,0.000016990000,  -0.70400,
,,,0.000017000000,  -0.71200,
,,,0.000017010000,  -0.69600,
,,,0.000017020000,  -0.71200,
,,,0.000017030000,  -0.71200,
,,,0.000017040000,  -0.70400,
,,,0.000017050000,  -0.71200,
,,,0.000017060000,  -0.71200,
,,,0.000017070000,  -0.70400,
,,,0.000017080000,  -0.72000,
,,,0.000017090000,  -0.71200,
,,,0.000017100000,  -0.70400,
,,,0.000017110000,  -0.71200,
,,,0.000017120000,  -0.71200,
,,,0.000017130000,  -0.71200,
,,,0.000017140000,  -0.71200,
,,,0.000017150000,  -0.71200,
,,,0.000017160000,  -0.71200,
,,,0.000017170000,  -0.72000,
,,,0.000017180000,  -0.72000,
,,,0.000017190000,  -0.71200,
,,,0.000017200000,  -0.71200,
,,,0.000017210000,  -0.72000,
,,,0.000017220000,  -0.71200,
,,,0.000017230000,  -0.71200,
,,,0.000017240000,  -0.72000,
,,,0.000017250000,  -0.72000,
,,,0.000017260000,  -0.72000,
,,,0.000017270000,  -0.72800,
,,,0.000017280000,  -0.71200,
,,,0.000017290000,  -0.72800,
,,,0.000017300000,  -0.72000,
,,,0.000017310000,  -0.72000,
,,,0.000017320000,  -0.72800,
,,,0.000017330000,  -0.72000,
,,,0.000017340000,  -0.71200,
,,,0.000017350000,  -0.72000,
,,,0.000017360000,  -0.72000,
,,,0.000017370000,  -0.72800,
,,,0.000017380000,  -0.72000,
,,,0.000017390000,  -0.72000,
,,,0.000017400000,  -0.72000,
,,,0.000017410000,  -0.71200,
,,,0.000017420000,  -0.72000,
,,,0.000017430000,  -0.72000,
,,,0.000017440000,  -0.72000,
,,,0.000017450000,  -0.72800,
,,,0.000017460000,  -0.72000,
,,,0.000017470000,  -0.71200,
,,,0.000017480000,  -0.73600,
,,,0.000017490000,  -0.72000,
,,,0.000017500000,  -0.72800,
,,,0.000017510000,  -0.73600,
,,,0.000017520000,  -0.72800,
,,,0.000017530000,  -0.72000,
,,,0.000017540000,  -0.72000,
,,,0.000017550000,  -0.72800,
,,,0.000017560000,  -0.72800,
,,,0.000017570000,  -0.72800,
,,,0.000017580000,  -0.72800,
,,,0.000017590000,  -0.72000,
,,,0.000017600000,  -0.72000,
,,,0.000017610000,  -0.73600,
,,,0.000017620000,  -0.72800,
,,,0.000017630000,  -0.73600,
,,,0.000017640000,  -0.72800,
,,,0.000017650000,  -0.72000,
,,,0.000017660000,  -0.72800,
,,,0.000017670000,  -0.72000,
,,,0.000017680000,  -0.72000,
,,,0.000017690000,  -0.72800,
,,,0.000017700000,  -0.73600,
,,,0.000017710000,  -0.73600,
,,,0.000017720000,  -0.72800,
,,,0.000017730000,  -0.72800,
,,,0.000017740000,  -0.73600,
,,,0.000017750000,  -0.72000,
,,,0.000017760000,  -0.73600,
,,,0.000017770000,  -0.72800,
,,,0.000017780000,  -0.72800,
,,,0.000017790000,  -0.72800,
,,,0.000017800000,  -0.73600,
,,,0.000017810000,  -0.74400,
,,,0.000017820000,  -0.72800,
,,,0.000017830000,  -0.72800,
,,,0.000017840000,  -0.73600,
,,,0.000017850000,  -0.72800,
,,,0.000017860000,  -0.73600,
,,,0.000017870000,  -0.73600,
,,,0.000017880000,  -0.74400,
,,,0.000017890000,  -0.73600,
,,,0.000017900000,  -0.73600,
,,,0.000017910000,  -0.73600,
,,,0.000017920000,  -0.73600,
,,,0.000017930000,  -0.74400,
,,,0.000017940000,  -0.73600,
,,,0.000017950000,  -0.73600,
,,,0.000017960000,  -0.73600,
,,,0.000017970000,  -0.72800,
,,,0.000017980000,  -0.73600,
,,,0.000017990000,  -0.72800,
,,,0.000018000000,  -0.73600,
,,,0.000018010000,  -0.74400,
,,,0.000018020000,  -0.72800,
,,,0.000018030000,  -0.74400,
,,,0.000018040000,  -0.73600,
,,,0.000018050000,  -0.72800,
,,,0.000018060000,  -0.72800,
,,,0.000018070000,  -0.74400,
,,,0.000018080000,  -0.73600,
,,,0.000018090000,  -0.72800,
,,,0.000018100000,  -0.74400,
,,,0.000018110000,  -0.74400,
,,,0.000018120000,  -0.74400,
,,,0.000018130000,  -0.73600,
,,,0.000018140000,  -0.72800,
,,,0.000018150000,  -0.72000,
,,,0.000018160000,  -0.72800,
,,,0.000018170000,  -0.74400,
,,,0.000018180000,  -0.74400,
,,,0.000018190000,  -0.73600,
,,,0.000018200000,  -0.73600,
,,,0.000018210000,  -0.73600,
,,,0.000018220000,  -0.73600,
,,,0.000018230000,  -0.73600,
,,,0.000018240000,  -0.73600,
,,,0.000018250000,  -0.73600,
,,,0.000018260000,  -0.73600,
,,,0.000018270000,  -0.72800,
,,,0.000018280000,  -0.74400,
,,,0.000018290000,  -0.73600,
,,,0.000018300000,  -0.73600,
,,,0.000018310000,  -0.74400,
,,,0.000018320000,  -0.73600,
,,,0.000018330000,  -0.72800,
,,,0.000018340000,  -0.73600,
,,,0.000018350000,  -0.73600,
,,,0.000018360000,  -0.73600,
,,,0.000018370000,  -0.74400,
,,,0.000018380000,  -0.73600,
,,,0.000018390000,  -0.73600,
,,,0.000018400000,  -0.72800,
,,,0.000018410000,  -0.72800,
,,,0.000018420000,  -0.72800,
,,,0.000018430000,  -0.73600,
,,,0.000018440000,  -0.74400,
,,,0.000018450000,  -0.72800,
,,,0.000018460000,  -0.72800,
,,,0.000018470000,  -0.74400,
,,,0.000018480000,  -0.72800,
,,,0.000018490000,  -0.73600,
,,,0.000018500000,  -0.74400,
,,,0.000018510000,  -0.73600,
,,,0.000018520000,  -0.73600,
,,,0.000018530000,  -0.72800,
,,,0.000018540000,  -0.72800,
,,,0.000018550000,  -0.72800,
,,,0.000018560000,  -0.73600,
,,,0.000018570000,  -0.72800,
,,,0.000018580000,  -0.72800,
,,,0.000018590000,  -0.72800,
,,,0.000018600000,  -0.72800,
,,,0.000018610000,  -0.73600,
,,,0.000018620000,  -0.73600,
,,,0.000018630000,  -0.73600,
,,,0.000018640000,  -0.72800,
,,,0.000018650000,  -0.72000,
,,,0.000018660000,  -0.72800,
,,,0.000018670000,  -0.72800,
,,,0.000018680000,  -0.72000,
,,,0.000018690000,  -0.73600,
,,,0.000018700000,  -0.73600,
,,,0.000018710000,  -0.72800,
,,,0.000018720000,  -0.72800,
,,,0.000018730000,  -0.73600,
,,,0.000018740000,  -0.72000,
,,,0.000018750000,  -0.72800,
,,,0.000018760000,  -0.72800,
,,,0.000018770000,  -0.72800,
,,,0.000018780000,  -0.72800,
,,,0.000018790000,  -0.72800,
,,,0.000018800000,  -0.73600,
,,,0.000018810000,  -0.72000,
,,,0.000018820000,  -0.72800,
,,,0.000018830000,  -0.72800,
,,,0.000018840000,  -0.72800,
,,,0.000018850000,  -0.72000,
,,,0.000018860000,  -0.72000,
,,,0.000018870000,  -0.72800,
,,,0.000018880000,  -0.72000,
,,,0.000018890000,  -0.72000,
,,,0.000018900000,  -0.72000,
,,,0.000018910000,  -0.72800,
,,,0.000018920000,  -0.72000,
,,,0.000018930000,  -0.72800,
,,,0.000018940000,  -0.72000,
,,,0.000018950000,  -0.71200,
,,,0.000018960000,  -0.72000,
,,,0.000018970000,  -0.72000,
,,,0.000018980000,  -0.71200,
,,,0.000018990000,  -0.72000,
,,,0.000019000000,  -0.72000,
,,,0.000019010000,  -0.71200,
,,,0.000019020000,  -0.72000,
,,,0.000019030000,  -0.72000,
,,,0.000019040000,  -0.72000,
,,,0.000019050000,  -0.71200,
,,,0.000019060000,  -0.72000,
,,,0.000019070000,  -0.72000,
,,,0.000019080000,  -0.72000,
,,,0.000019090000,  -0.72000,
,,,0.000019100000,  -0.71200,
,,,0.000019110000,  -0.72000,
,,,0.000019120000,  -0.71200,
,,,0.000019130000,  -0.72000,
,,,0.000019140000,  -0.71200,
,,,0.000019150000,  -0.71200,
,,,0.000019160000,  -0.71200,
,,,0.000019170000,  -0.70400,
,,,0.000019180000,  -0.71200,
,,,0.000019190000,  -0.72000,
,,,0.000019200000,  -0.72000,
,,,0.000019210000,  -0.71200,
,,,0.000019220000,  -0.71200,
,,,0.000019230000,  -0.71200,
,,,0.000019240000,  -0.72000,
,,,0.000019250000,  -0.71200,
,,,0.000019260000,  -0.70400,
,,,0.000019270000,  -0.70400,
,,,0.000019280000,  -0.70400,
,,,0.000019290000,  -0.71200,
,,,0.000019300000,  -0.71200,
,,,0.000019310000,  -0.70400,
,,,0.000019320000,  -0.70400,
,,,0.000019330000,  -0.71200,
,,,0.000019340000,  -0.70400,
,,,0.000019350000,  -0.70400,
,,,0.000019360000,  -0.70400,
,,,0.000019370000,  -0.69600,
,,,0.000019380000,  -0.69600,
,,,0.000019390000,  -0.70400,
,,,0.000019400000,  -0.69600,
,,,0.000019410000,  -0.70400,
,,,0.000019420000,  -0.71200,
,,,0.000019430000,  -0.70400,
,,,0.000019440000,  -0.70400,
,,,0.000019450000,  -0.68800,
,,,0.000019460000,  -0.69600,
,,,0.000019470000,  -0.70400,
,,,0.000019480000,  -0.69600,
,,,0.000019490000,  -0.70400,
,,,0.000019500000,  -0.69600,
,,,0.000019510000,  -0.69600,
,,,0.000019520000,  -0.70400,
,,,0.000019530000,  -0.69600,
,,,0.000019540000,  -0.69600,
,,,0.000019550000,  -0.69600,
,,,0.000019560000,  -0.69600,
,,,0.000019570000,  -0.68800,
,,,0.000019580000,  -0.69600,
,,,0.000019590000,  -0.69600,
,,,0.000019600000,  -0.68800,
,,,0.000019610000,  -0.68800,
,,,0.000019620000,  -0.69600,
,,,0.000019630000,  -0.68800,
,,,0.000019640000,  -0.69600,
,,,0.000019650000,  -0.68800,
,,,0.000019660000,  -0.67200,
,,,0.000019670000,  -0.68800,
,,,0.000019680000,  -0.68800,
,,,0.000019690000,  -0.68800,
,,,0.000019700000,  -0.68000,
,,,0.000019710000,  -0.68000,
,,,0.000019720000,  -0.67200,
,,,0.000019730000,  -0.68000,
,,,0.000019740000,  -0.68000,
,,,0.000019750000,  -0.67200,
,,,0.000019760000,  -0.68000,
,,,0.000019770000,  -0.67200,
,,,0.000019780000,  -0.67200,
,,,0.000019790000,  -0.68000,
,,,0.000019800000,  -0.67200,
,,,0.000019810000,  -0.68000,
,,,0.000019820000,  -0.67200,
,,,0.000019830000,  -0.68800,
,,,0.000019840000,  -0.67200,
,,,0.000019850000,  -0.66400,
,,,0.000019860000,  -0.67200,
,,,0.000019870000,  -0.67200,
,,,0.000019880000,  -0.67200,
,,,0.000019890000,  -0.66400,
,,,0.000019900000,  -0.66400,
,,,0.000019910000,  -0.67200,
,,,0.000019920000,  -0.65600,
,,,0.000019930000,  -0.65600,
,,,0.000019940000,  -0.66400,
,,,0.000019950000,  -0.65600,
,,,0.000019960000,  -0.66400,
,,,0.000019970000,  -0.67200,
,,,0.000019980000,  -0.65600,
,,,0.000019990000,  -0.64800,
,,,0.000020000000,  -0.65600,
,,,0.000020010000,  -0.66400,
,,,0.000020020000,  -0.66400,
,,,0.000020030000,  -0.66400,
,,,0.000020040000,  -0.65600,
,,,0.000020050000,  -0.65600,
,,,0.000020060000,  -0.65600,
,,,0.000020070000,  -0.64800,
,,,0.000020080000,  -0.64800,
,,,0.000020090000,  -0.65600,
,,,0.000020100000,  -0.65600,
,,,0.000020110000,  -0.64800,
,,,0.000020120000,  -0.64800,
,,,0.000020130000,  -0.64800,
,,,0.000020140000,  -0.64000,
,,,0.000020150000,  -0.64800,
,,,0.000020160000,  -0.64800,
,,,0.000020170000,  -0.64000,
,,,0.000020180000,  -0.64800,
,,,0.000020190000,  -0.64000,
,,,0.000020200000,  -0.64800,
,,,0.000020210000,  -0.64800,
,,,0.000020220000,  -0.64000,
,,,0.000020230000,  -0.64000,
,,,0.000020240000,  -0.64000,
,,,0.000020250000,  -0.64000,
,,,0.000020260000,  -0.64000,
,,,0.000020270000,  -0.64000,
,,,0.000020280000,  -0.63200,
,,,0.000020290000,  -0.64000,
,,,0.000020300000,  -0.62400,
,,,0.000020310000,  -0.63200,
,,,0.000020320000,  -0.64000,
,,,0.000020330000,  -0.63200,
,,,0.000020340000,  -0.64000,
,,,0.000020350000,  -0.62400,
,,,0.000020360000,  -0.62400,
,,,0.000020370000,  -0.62400,
,,,0.000020380000,  -0.62400,
,,,0.000020390000,  -0.61600,
,,,0.000020400000,  -0.62400,
,,,0.000020410000,  -0.62400,
,,,0.000020420000,  -0.62400,
,,,0.000020430000,  -0.61600,
,,,0.000020440000,  -0.61600,
,,,0.000020450000,  -0.61600,
,,,0.000020460000,  -0.61600,
,,,0.000020470000,  -0.61600,
,,,0.000020480000,  -0.62400,
,,,0.000020490000,  -0.60800,
,,,0.000020500000,  -0.61600,
,,,0.000020510000,  -0.60800,
,,,0.000020520000,  -0.61600,
,,,0.000020530000,  -0.61600,
,,,0.000020540000,  -0.60800,
,,,0.000020550000,  -0.60800,
,,,0.000020560000,  -0.60000,
,,,0.000020570000,  -0.60800,
,,,0.000020580000,  -0.60800,
,,,0.000020590000,  -0.60800,
,,,0.000020600000,  -0.60800,
,,,0.000020610000,  -0.60800,
,,,0.000020620000,  -0.60000,
,,,0.000020630000,  -0.60000,
,,,0.000020640000,  -0.60000,
,,,0.000020650000,  -0.60000,
,,,0.000020660000,  -0.59200,
,,,0.000020670000,  -0.60000,
,,,0.000020680000,  -0.59200,
,,,0.000020690000,  -0.59200,
,,,0.000020700000,  -0.60000,
,,,0.000020710000,  -0.59200,
,,,0.000020720000,  -0.58400,
,,,0.000020730000,  -0.58400,
,,,0.000020740000,  -0.57600,
,,,0.000020750000,  -0.58400,
,,,0.000020760000,  -0.59200,
,,,0.000020770000,  -0.59200,
,,,0.000020780000,  -0.58400,
,,,0.000020790000,  -0.57600,
,,,0.000020800000,  -0.58400,
,,,0.000020810000,  -0.57600,
,,,0.000020820000,  -0.58400,
,,,0.000020830000,  -0.58400,
,,,0.000020840000,  -0.57600,
,,,0.000020850000,  -0.57600,
,,,0.000020860000,  -0.57600,
,,,0.000020870000,  -0.57600,
,,,0.000020880000,  -0.56800,
,,,0.000020890000,  -0.56800,
,,,0.000020900000,  -0.57600,
,,,0.000020910000,  -0.57600,
,,,0.000020920000,  -0.56800,
,,,0.000020930000,  -0.56800,
,,,0.000020940000,  -0.56000,
,,,0.000020950000,  -0.56800,
,,,0.000020960000,  -0.56000,
,,,0.000020970000,  -0.56000,
,,,0.000020980000,  -0.56000,
,,,0.000020990000,  -0.56800,
,,,0.000021000000,  -0.56800,
,,,0.000021010000,  -0.56000,
,,,0.000021020000,  -0.56000,
,,,0.000021030000,  -0.55200,
,,,0.000021040000,  -0.56000,
,,,0.000021050000,  -0.54400,
,,,0.000021060000,  -0.54400,
,,,0.000021070000,  -0.55200,
,,,0.000021080000,  -0.55200,
,,,0.000021090000,  -0.54400,
,,,0.000021100000,  -0.55200,
,,,0.000021110000,  -0.53600,
,,,0.000021120000,  -0.54400,
,,,0.000021130000,  -0.54400,
,,,0.000021140000,  -0.53600,
,,,0.000021150000,  -0.54400,
,,,0.000021160000,  -0.53600,
,,,0.000021170000,  -0.53600,
,,,0.000021180000,  -0.53600,
,,,0.000021190000,  -0.53600,
,,,0.000021200000,  -0.53600,
,,,0.000021210000,  -0.53600,
,,,0.000021220000,  -0.53600,
,,,0.000021230000,  -0.53600,
,,,0.000021240000,  -0.52800,
,,,0.000021250000,  -0.52800,
,,,0.000021260000,  -0.52000,
,,,0.000021270000,  -0.52000,
,,,0.000021280000,  -0.52800,
,,,0.000021290000,  -0.52800,
,,,0.000021300000,  -0.51200,
,,,0.000021310000,  -0.52000,
,,,0.000021320000,  -0.52800,
,,,0.000021330000,  -0.52000,
,,,0.000021340000,  -0.52000,
,,,0.000021350000,  -0.52800,
,,,0.000021360000,  -0.51200,
,,,0.000021370000,  -0.52000,
,,,0.000021380000,  -0.51200,
,,,0.000021390000,  -0.50400,
,,,0.000021400000,  -0.51200,
,,,0.000021410000,  -0.51200,
,,,0.000021420000,  -0.50400,
,,,0.000021430000,  -0.50400,
,,,0.000021440000,  -0.50400,
,,,0.000021450000,  -0.49600,
,,,0.000021460000,  -0.50400,
,,,0.000021470000,  -0.50400,
,,,0.000021480000,  -0.49600,
,,,0.000021490000,  -0.50400,
,,,0.000021500000,  -0.48800,
,,,0.000021510000,  -0.48800,
,,,0.000021520000,  -0.49600,
,,,0.000021530000,  -0.49600,
,,,0.000021540000,  -0.48000,
,,,0.000021550000,  -0.48000,
,,,0.000021560000,  -0.49600,
,,,0.000021570000,  -0.48800,
,,,0.000021580000,  -0.48000,
,,,0.000021590000,  -0.48000,
,,,0.000021600000,  -0.48000,
,,,0.000021610000,  -0.48000,
,,,0.000021620000,  -0.48000,
,,,0.000021630000,  -0.48000,
,,,0.000021640000,  -0.47200,
,,,0.000021650000,  -0.47200,
,,,0.000021660000,  -0.46400,
,,,0.000021670000,  -0.46400,
,,,0.000021680000,  -0.45600,
,,,0.000021690000,  -0.46400,
,,,0.000021700000,  -0.47200,
,,,0.000021710000,  -0.45600,
,,,0.000021720000,  -0.45600,
,,,0.000021730000,  -0.46400,
,,,0.000021740000,  -0.46400,
,,,0.000021750000,  -0.45600,
,,,0.000021760000,  -0.45600,
,,,0.000021770000,  -0.45600,
,,,0.000021780000,  -0.45600,
,,,0.000021790000,  -0.45600,
,,,0.000021800000,  -0.44800,
,,,0.000021810000,  -0.44800,
,,,0.000021820000,  -0.44000,
,,,0.000021830000,  -0.44000,
,,,0.000021840000,  -0.44000,
,,,0.000021850000,  -0.44000,
,,,0.000021860000,  -0.43200,
,,,0.000021870000,  -0.43200,
,,,0.000021880000,  -0.44000,
,,,0.000021890000,  -0.43200,
,,,0.000021900000,  -0.44000,
,,,0.000021910000,  -0.44000,
,,,0.000021920000,  -0.43200,
,,,0.000021930000,  -0.43200,
,,,0.000021940000,  -0.43200,
,,,0.000021950000,  -0.43200,
,,,0.000021960000,  -0.42400,
,,,0.000021970000,  -0.43200,
,,,0.000021980000,  -0.42400,
,,,0.000021990000,  -0.43200,
,,,0.000022000000,  -0.42400,
,,,0.000022010000,  -0.42400,
,,,0.000022020000,  -0.41600,
,,,0.000022030000,  -0.41600,
,,,0.000022040000,  -0.40800,
,,,0.000022050000,  -0.40800,
,,,0.000022060000,  -0.40800,
,,,0.000022070000,  -0.41600,
,,,0.000022080000,  -0.40800,
,,,0.000022090000,  -0.40000,
,,,0.000022100000,  -0.40800,
,,,0.000022110000,  -0.40000,
,,,0.000022120000,  -0.40000,
,,,0.000022130000,  -0.40000,
,,,0.000022140000,  -0.40800,
,,,0.000022150000,  -0.40000,
,,,0.000022160000,  -0.40000,
,,,0.000022170000,  -0.40000,
,,,0.000022180000,  -0.39200,
,,,0.000022190000,  -0.40000,
,,,0.000022200000,  -0.38400,
,,,0.000022210000,  -0.38400,
,,,0.000022220000,  -0.39200,
,,,0.000022230000,  -0.39200,
,,,0.000022240000,  -0.38400,
,,,0.000022250000,  -0.37600,
,,,0.000022260000,  -0.37600,
,,,0.000022270000,  -0.37600,
,,,0.000022280000,  -0.37600,
,,,0.000022290000,  -0.38400,
,,,0.000022300000,  -0.38400,
,,,0.000022310000,  -0.36800,
,,,0.000022320000,  -0.37600,
,,,0.000022330000,  -0.36800,
,,,0.000022340000,  -0.36800,
,,,0.000022350000,  -0.36800,
,,,0.000022360000,  -0.36800,
,,,0.000022370000,  -0.36000,
,,,0.000022380000,  -0.35200,
,,,0.000022390000,  -0.36000,
,,,0.000022400000,  -0.36800,
,,,0.000022410000,  -0.35200,
,,,0.000022420000,  -0.36000,
,,,0.000022430000,  -0.36000,
,,,0.000022440000,  -0.35200,
,,,0.000022450000,  -0.35200,
,,,0.000022460000,  -0.35200,
,,,0.000022470000,  -0.34400,
,,,0.000022480000,  -0.34400,
,,,0.000022490000,  -0.35200,
,,,0.000022500000,  -0.33600,
,,,0.000022510000,  -0.34400,
,,,0.000022520000,  -0.33600,
,,,0.000022530000,  -0.33600,
,,,0.000022540000,  -0.32800,
,,,0.000022550000,  -0.34400,
,,,0.000022560000,  -0.32800,
,,,0.000022570000,  -0.32800,
,,,0.000022580000,  -0.32800,
,,,0.000022590000,  -0.32800,
,,,0.000022600000,  -0.32800,
,,,0.000022610000,  -0.33600,
,,,0.000022620000,  -0.32000,
,,,0.000022630000,  -0.32000,
,,,0.000022640000,  -0.32000,
,,,0.000022650000,  -0.31200,
,,,0.000022660000,  -0.31200,
,,,0.000022670000,  -0.31200,
,,,0.000022680000,  -0.32000,
,,,0.000022690000,  -0.30400,
,,,0.000022700000,  -0.30400,
,,,0.000022710000,  -0.31200,
,,,0.000022720000,  -0.29600,
,,,0.000022730000,  -0.30400,
,,,0.000022740000,  -0.30400,
,,,0.000022750000,  -0.29600,
,,,0.000022760000,  -0.29600,
,,,0.000022770000,  -0.28800,
,,,0.000022780000,  -0.30400,
,,,0.000022790000,  -0.29600,
,,,0.000022800000,  -0.29600,
,,,0.000022810000,  -0.28800,
,,,0.000022820000,  -0.28800,
,,,0.000022830000,  -0.28000,
,,,0.000022840000,  -0.27200,
,,,0.000022850000,  -0.28800,
,,,0.000022860000,  -0.28000,
,,,0.000022870000,  -0.27200,
,,,0.000022880000,  -0.26400,
,,,0.000022890000,  -0.27200,
,,,0.000022900000,  -0.27200,
,,,0.000022910000,  -0.28000,
,,,0.000022920000,  -0.27200,
,,,0.000022930000,  -0.27200,
,,,0.000022940000,  -0.26400,
,,,0.000022950000,  -0.25600,
,,,0.000022960000,  -0.26400,
,,,0.000022970000,  -0.25600,
,,,0.000022980000,  -0.26400,
,,,0.000022990000,  -0.26400,
,,,0.000023000000,  -0.25600,
,,,0.000023010000,  -0.25600,
,,,0.000023020000,  -0.25600,
,,,0.000023030000,  -0.24800,
,,,0.000023040000,  -0.24800,
,,,0.000023050000,  -0.24800,
,,,0.000023060000,  -0.24800,
,,,0.000023070000,  -0.24800,
,,,0.000023080000,  -0.24800,
,,,0.000023090000,  -0.24800,
,,,0.000023100000,  -0.24000,
,,,0.000023110000,  -0.23200,
,,,0.000023120000,  -0.24000,
,,,0.000023130000,  -0.23200,
,,,0.000023140000,  -0.23200,
,,,0.000023150000,  -0.22400,
,,,0.000023160000,  -0.22400,
,,,0.000023170000,  -0.23200,
,,,0.000023180000,  -0.22400,
,,,0.000023190000,  -0.22400,
,,,0.000023200000,  -0.22400,
,,,0.000023210000,  -0.22400,
,,,0.000023220000,  -0.22400,
,,,0.000023230000,  -0.21600,
,,,0.000023240000,  -0.20800,
,,,0.000023250000,  -0.21600,
,,,0.000023260000,  -0.20800,
,,,0.000023270000,  -0.20800,
,,,0.000023280000,  -0.21600,
,,,0.000023290000,  -0.20800,
,,,0.000023300000,  -0.20800,
,,,0.000023310000,  -0.20800,
,,,0.000023320000,  -0.20000,
,,,0.000023330000,  -0.20000,
,,,0.000023340000,  -0.19200,
,,,0.000023350000,  -0.20000,
,,,0.000023360000,  -0.18400,
,,,0.000023370000,  -0.18400,
,,,0.000023380000,  -0.18400,
,,,0.000023390000,  -0.18400,
,,,0.000023400000,  -0.19200,
,,,0.000023410000,  -0.18400,
,,,0.000023420000,  -0.18400,
,,,0.000023430000,  -0.18400,
,,,0.000023440000,  -0.17600,
,,,0.000023450000,  -0.17600,
,,,0.000023460000,  -0.17600,
,,,0.000023470000,  -0.17600,
,,,0.000023480000,  -0.17600,
,,,0.000023490000,  -0.16800,
,,,0.000023500000,  -0.16800,
,,,0.000023510000,  -0.17600,
,,,0.000023520000,  -0.16000,
,,,0.000023530000,  -0.16000,
,,,0.000023540000,  -0.16800,
,,,0.000023550000,  -0.16000,
,,,0.000023560000,  -0.16000,
,,,0.000023570000,  -0.15200,
,,,0.000023580000,  -0.15200,
,,,0.000023590000,  -0.15200,
,,,0.000023600000,  -0.16000,
,,,0.000023610000,  -0.14400,
,,,0.000023620000,  -0.15200,
,,,0.000023630000,  -0.15200,
,,,0.000023640000,  -0.15200,
,,,0.000023650000,  -0.13600,
,,,0.000023660000,  -0.14400,
,,,0.000023670000,  -0.13600,
,,,0.000023680000,  -0.13600,
,,,0.000023690000,  -0.13600,
,,,0.000023700000,  -0.12800,
,,,0.000023710000,  -0.12800,
,,,0.000023720000,  -0.12800,
,,,0.000023730000,  -0.12000,
,,,0.000023740000,  -0.12000,
,,,0.000023750000,  -0.12000,
,,,0.000023760000,  -0.11200,
,,,0.000023770000,  -0.11200,
,,,0.000023780000,  -0.12000,
,,,0.000023790000,  -0.11200,
,,,0.000023800000,  -0.11200,
,,,0.000023810000,  -0.11200,
,,,0.000023820000,  -0.10400,
,,,0.000023830000,  -0.10400,
,,,0.000023840000,  -0.11200,
,,,0.000023850000,  -0.10400,
,,,0.000023860000,  -0.09600,
,,,0.000023870000,  -0.09600,
,,,0.000023880000,  -0.09600,
,,,0.000023890000,  -0.09600,
,,,0.000023900000,  -0.09600,
,,,0.000023910000,  -0.09600,
,,,0.000023920000,  -0.08800,
,,,0.000023930000,  -0.08800,
,,,0.000023940000,  -0.08800,
,,,0.000023950000,  -0.08000,
,,,0.000023960000,  -0.08000,
,,,0.000023970000,  -0.08000,
,,,0.000023980000,  -0.07200,
,,,0.000023990000,  -0.08000,
,,,0.000024000000,  -0.07200,
,,,0.000024010000,  -0.07200,
,,,0.000024020000,  -0.07200,
,,,0.000024030000,  -0.06400,
,,,0.000024040000,  -0.06400,
,,,0.000024050000,  -0.06400,
,,,0.000024060000,  -0.06400,
,,,0.000024070000,  -0.06400,
,,,0.000024080000,  -0.06400,
,,,0.000024090000,  -0.05600,
,,,0.000024100000,  -0.06400,
,,,0.000024110000,  -0.05600,
,,,0.000024120000,  -0.05600,
,,,0.000024130000,  -0.04800,
,,,0.000024140000,  -0.05600,
,,,0.000024150000,  -0.04000,
,,,0.000024160000,  -0.04800,
,,,0.000024170000,  -0.04800,
,,,0.000024180000,  -0.04000,
,,,0.000024190000,  -0.03200,
,,,0.000024200000,  -0.04000,
,,,0.000024210000,  -0.03200,
,,,0.000024220000,  -0.04000,
,,,0.000024230000,  -0.03200,
,,,0.000024240000,  -0.03200,
,,,0.000024250000,  -0.03200,
,,,0.000024260000,  -0.02400,
,,,0.000024270000,  -0.02400,
,,,0.000024280000,  -0.02400,
,,,0.000024290000,  -0.02400,
,,,0.000024300000,  -0.02400,
,,,0.000024310000,  -0.02400,
,,,0.000024320000,  -0.01600,
,,,0.000024330000,  -0.00800,
,,,0.000024340000,  -0.01600,
,,,0.000024350000,  -0.00800,
,,,0.000024360000,  -0.01600,
,,,0.000024370000,  -0.00800,
,,,0.000024380000,  -0.00800,
,,,0.000024390000,  -0.00800,
,,,0.000024400000,  -0.00800,
,,,0.000024410000,  -0.00800,
,,,0.000024420000,   0.00800,
,,,0.000024430000,   0.00800,
,,,0.000024440000,   0.00000,
,,,0.000024450000,   0.00000,
,,,0.000024460000,   0.00800,
,,,0.000024470000,   0.00800,
,,,0.000024480000,   0.02400,
,,,0.000024490000,   0.02400,
,,,0.000024500000,   0.00800,
,,,0.000024510000,   0.01600,
,,,0.000024520000,   0.01600,
,,,0.000024530000,   0.01600,
,,,0.000024540000,   0.03200,
,,,0.000024550000,   0.03200,
,,,0.000024560000,   0.02400,
,,,0.000024570000,   0.03200,
,,,0.000024580000,   0.03200,
,,,0.000024590000,   0.03200,
,,,0.000024600000,   0.03200,
,,,0.000024610000,   0.04000,
,,,0.000024620000,   0.04000,
,,,0.000024630000,   0.04000,
,,,0.000024640000,   0.04000,
,,,0.000024650000,   0.04800,
,,,0.000024660000,   0.04800,
,,,0.000024670000,   0.05600,
,,,0.000024680000,   0.05600,
,,,0.000024690000,   0.05600,
,,,0.000024700000,   0.05600,
,,,0.000024710000,   0.04800,
,,,0.000024720000,   0.05600,
,,,0.000024730000,   0.07200,
,,,0.000024740000,   0.07200,
,,,0.000024750000,   0.06400,
,,,0.000024760000,   0.06400,
,,,0.000024770000,   0.07200,
,,,0.000024780000,   0.07200,
,,,0.000024790000,   0.07200,
,,,0.000024800000,   0.08000,
,,,0.000024810000,   0.07200,
,,,0.000024820000,   0.07200,
,,,0.000024830000,   0.07200,
,,,0.000024840000,   0.08000,
,,,0.000024850000,   0.08800,
,,,0.000024860000,   0.08000,
,,,0.000024870000,   0.09600,
,,,0.000024880000,   0.08800,
,,,0.000024890000,   0.09600,
